"o","topo","envfilt","stat","summary","Beta_a","S_a","Stot_a","Beta_b","S_b","Stot_b","N","Ntot"
"0.5","many2many","all","2.5%","mean",1.64857143557963,12.504,29.6475,1.26775428431438,4.929,10,90.651625,1813.0325
"0.5","many2many","all","2.5%","var",0.000379543627130821,0.0257333333333334,0,0.000222982761095514,0.00437152777777777,0,0.0689284722222219,27.5713888888889
"0.5","many2many","all","50%","mean",1.87777962806269,15.9125,30,1.53713978649259,6.51,10,95.17,1903.4
"0.5","many2many","all","50%","var",0.00112278674883499,0.078847222222222,0,0.000912671823451955,0.0155694444444444,0,0.224083333333334,89.6333333333333
"0.5","many2many","all","97.5%","mean",2.38850339217653,18.202875,30,2.02979529106807,7.89275,10,95.477625,1909.5525
"0.5","many2many","all","97.5%","var",0.00329060127082868,0.187690972222222,0.250833333333333,0.0029844813578522,0.0339604166666667,0,6.46291319444444,2585.16527777778
"0.5","many2many","all","mean","mean",1.91533314635582,15.78795,29.954,1.56316543756819,6.48525,10,94.74925,1894.985
"0.5","many2many","all","mean","var",0.00136978622746408,0.0831619444444444,0.0382222222222222,0.00111791227040046,0.0170136111111111,0,0.882808611111111,353.123444444444
"0.5","many2many","all","var","mean",0.0374248286522061,2.13524398737374,0.013620202020202,0.0343776959309368,0.542376452020202,0,1.3627264520202,545.090580808081
"0.5","many2many","all","var","var",9.15589687630906e-07,0.00165221489672964,0.00789205636613044,6.02809193165412e-07,6.54061369092157e-05,0,3.31587123921148,530539.398273837
"0.5","many2many","none","2.5%","mean",1.07805170100202,26.975,30,1,9.865375,10,94.99975,1899.995
"0.5","many2many","none","2.5%","var",4.46387664879844e-05,0.0286027777777779,0,0,0,0,0.0719951388888894,28.7980555555556
"0.5","many2many","none","50%","mean",1.09371420283468,27.4325,30,1.00100502512563,9.99,10,95.245,1904.9
"0.5","many2many","none","50%","var",0.00012256231999153,0.0769722222222224,0,4.48922445841739e-06,0.000444444444444457,0,0.227777777777777,91.1111111111111
"0.5","many2many","none","97.5%","mean",1.11231066485331,27.831,30,1.01371532778336,10,10,95.58625,1911.725
"0.5","many2many","none","97.5%","var",0.000300963790081055,0.183264583333333,0,5.73220002821704e-05,0.00539236111111107,0,0.503319444444442,201.327777777778
"0.5","many2many","none","mean","mean",1.09450868282061,27.41415,30,1.00198119931043,9.98045,10,95.2575,1905.15
"0.5","many2many","none","mean","var",0.000137682074226911,0.0857852777777778,0,1.0163381096842e-05,0.000968611111111116,0,0.241755,96.702
"0.5","many2many","none","var","mean",7.81969181725359e-05,0.0487530580808079,0,1.38583820844217e-05,0.00132176515151515,0,0.0255901515151516,10.2360606060606
"0.5","many2many","none","var","var",5.52965525216492e-09,0.00204659592615975,0,4.63360396142396e-10,3.8297738963711e-06,0,0.0122131568989275,1954.10510382841
"0.5","many2many","opposite","2.5%","mean",1.27712063896299,19.389625,30,1.08204467449108,7.033375,10,94.85825,1897.165
"0.5","many2many","opposite","2.5%","var",0.000140952191876733,0.0322826388888889,0,5.19553438133611e-05,0.00296944444444446,0,0.066997222222223,26.7988888888889
"0.5","many2many","opposite","50%","mean",1.39197989850853,21.555,30,1.19129060614851,8.395,10,95.2225,1904.45
"0.5","many2many","opposite","50%","var",0.000390509934717127,0.0859027777777778,0,0.000216659739587318,0.00969444444444444,0,0.201527777777777,80.6111111111111
"0.5","many2many","opposite","97.5%","mean",1.54819831590401,23.499125,30,1.42241021891747,9.24275,10,95.47525,1909.505
"0.5","many2many","opposite","97.5%","var",0.000857032016480882,0.174178472222222,0,0.000723536217510279,0.0237916666666666,0,0.574415972222222,229.766388888889
"0.5","many2many","opposite","mean","mean",1.40431541880794,21.4254,29.999,1.20726719121092,8.32195,10,95.1726,1903.452
"0.5","many2many","opposite","mean","var",0.0004180966828079,0.09468,0.001,0.000248678317706344,0.0110580555555556,0,0.267604444444444,107.041777777778
"0.5","many2many","opposite","var","mean",0.00569060226957568,1.2567856969697,0.000100000000000003,0.00703457283654844,0.301064088383838,0,0.259222464646465,103.688985858586
"0.5","many2many","opposite","var","var",3.90597985697615e-08,0.00186478769921437,1e-04,2.82413667497504e-08,3.70709267832648e-05,0,0.204202000672153,32672.3201075446
"0.5","many2many","same","2.5%","mean",1.30282596375542,18.675125,30,1.04604424417669,7.428625,10,94.964,1899.28
"0.5","many2many","same","2.5%","var",9.77968941134386e-05,0.0224277777777778,0,3.70227217797425e-05,0.00228958333333333,0,0.0655916666666666,26.2366666666667
"0.5","many2many","same","50%","mean",1.42517697507539,21.055,30,1.16806497598547,8.5625,10,95.22,1904.4
"0.5","many2many","same","50%","var",0.000386213928106059,0.0903333333333332,0,0.000155079797805025,0.00888888888888889,0,0.205625000000001,82.25
"0.5","many2many","same","97.5%","mean",1.60674413546413,23.03025,30,1.346589610176,9.56075,10,95.513125,1910.2625
"0.5","many2many","same","97.5%","var",0.00122551519267116,0.224347222222222,0,0.000659781011029544,0.0224270833333333,0,0.451496527777778,180.598611111111
"0.5","many2many","same","mean","mean",1.42741230595319,21.08495,29.998,1.17485337723046,8.5488,10,95.1567,1903.134
"0.5","many2many","same","mean","var",0.000473345232748907,0.0990097222222222,0.002,0.000199055004355182,0.00946611111111111,0,0.306107777777778,122.443111111111
"0.5","many2many","same","var","mean",0.00656511780156519,1.34914873484849,0.000197979797979804,0.0060588019753839,0.304539454545455,0,0.267508191919192,107.003276767677
"0.5","many2many","same","var","var",1.01991756026622e-07,0.00250765664944195,0.000197979797979798,2.74531397075908e-08,2.92066121087418e-05,0,0.451914974019204,72306.3958430727
"0.5","one2many","all","2.5%","mean",1.46504802107131,14.7475,29.7475,1.32018520917698,4.606875,9.4425,91.50625,1830.125
"0.5","one2many","all","2.5%","var",0.000233858796846522,0.0226388888888889,0,0.000332612896936227,0.00704166666666666,0,0.0641027777777782,25.6411111111111
"0.5","one2many","all","50%","mean",1.73966001066783,17.2475,30,1.64871549029201,6.0675,10,95.155,1903.1
"0.5","one2many","all","50%","var",0.00063082730254167,0.0615277777777779,0,0.00153549554055867,0.0207361111111111,0,0.228513888888887,91.4055555555556
"0.5","one2many","all","97.5%","mean",2.03159734857258,20.38425,30,2.17117855200452,7.580125,10,95.447875,1908.9575
"0.5","one2many","all","97.5%","var",0.0016890945956171,0.125308333333333,0.177777777777778,0.00590051618865552,0.0411527777777777,0.177777777777778,5.59627708333333,2238.51083333333
"0.5","one2many","all","mean","mean",1.74967758834922,17.2569,29.979,1.68146541503787,6.0274,9.964,94.8498,1896.996
"0.5","one2many","all","mean","var",0.000728067188588801,0.0677855555555555,0.0112222222222222,0.00209542731218182,0.0206305555555556,0.0148888888888889,0.8263,330.52
"0.5","one2many","all","var","mean",0.0214948682911529,2.09681352525253,0.0105646464646464,0.0494665956419866,0.59952195959596,0.0215191919191919,1.07787874747475,431.151498989899
"0.5","one2many","all","var","var",1.56052882137784e-07,0.000919047700461404,0.00191419129567278,3.12790524714026e-06,7.31499329716922e-05,0.00274153884524255,2.51907377478489,403051.803965582
"0.5","one2many","none","2.5%","mean",1.03739669613698,28.665,30,1,9.867375,10,94.94875,1898.975
"0.5","one2many","none","2.5%","var",2.08690187600655e-05,0.0160055555555556,0,0,0,0,0.0802715277777768,32.1086111111111
"0.5","one2many","none","50%","mean",1.04173412932608,28.8,30,1.00505569688158,9.95,10,95.23,1904.6
"0.5","one2many","none","50%","var",6.37746662241587e-05,0.0485277777777778,0,2.17133797983536e-05,0.00211111111111112,0,0.21,84
"0.5","one2many","none","97.5%","mean",1.04665776362446,28.92025,30,1.01349427942376,10,10,95.51025,1910.205
"0.5","one2many","none","97.5%","var",0.000137341020616904,0.10510625,0,9.20601113874958e-05,0.00865277777777776,0,0.531822222222223,212.728888888889
"0.5","one2many","none","mean","mean",1.04182607043409,28.7974,30,1.00535134016224,9.94715,10,95.23155,1904.631
"0.5","one2many","none","mean","var",6.8897035501943e-05,0.0524283333333333,0,2.58639720151323e-05,0.00248583333333333,0,0.230271388888889,92.1085555555556
"0.5","one2many","none","var","mean",6.27861000617842e-06,0.00479064646464644,0,1.5669140613229e-05,0.00151224999999999,0,0.0231493409090907,9.25973636363637
"0.5","one2many","none","var","var",1.08491222543586e-09,0.000607633248846489,0,5.6498769666342e-10,5.01523717109362e-06,0,0.0142819183167322,2285.10693067714
"0.5","one2many","opposite","2.5%","mean",1.19951317717715,20.273625,30,1.11804786012862,6.5445,10,94.967125,1899.3425
"0.5","one2many","opposite","2.5%","var",7.07667793182376e-05,0.0232631944444444,0,0.0001017295816709,0.00455555555555556,0,0.0822277777777784,32.8911111111111
"0.5","one2many","opposite","50%","mean",1.31640722033921,22.79,30,1.23665890912565,8.0875,10,95.24,1904.8
"0.5","one2many","opposite","50%","var",0.000245977020100927,0.0670833333333334,0,0.000290256856356284,0.0115694444444444,0,0.216972222222223,86.7888888888889
"0.5","one2many","opposite","97.5%","mean",1.4799816627778,25.0165,30,1.52861674189026,8.9455,10,95.508125,1910.1625
"0.5","one2many","opposite","97.5%","var",0.000607058729089296,0.172464583333334,0,0.000958733910343662,0.0337243055555556,0,0.441639583333333,176.655833333333
"0.5","one2many","opposite","mean","mean",1.33356276063849,22.58515,30,1.25952315699588,7.9839,10,95.20275,1904.055
"0.5","one2many","opposite","mean","var",0.000278288800986534,0.0784191666666667,0,0.00035545755594607,0.0133933333333333,0,0.2787675,111.507
"0.5","one2many","opposite","var","mean",0.00685321681286311,1.96266134090909,0,0.00935363196045699,0.321789686868687,0,0.0886304924242424,35.4521969696971
"0.5","one2many","opposite","var","var",2.25527081011445e-08,0.00160044573972752,0,6.25927967576428e-08,5.82411572515277e-05,0,0.288983283119077,46237.3252990523
"0.5","one2many","same","2.5%","mean",1.19986761876423,19.22725,30,1.09696498050505,6.487875,10,94.574625,1891.4925
"0.5","one2many","same","2.5%","var",8.21755471682184e-05,0.0252388888888889,0,8.4732577578135e-05,0.00448402777777782,0,0.0786520833333334,31.4608333333333
"0.5","one2many","same","50%","mean",1.33170066935775,22.53,30,1.21531696395273,8.23,10,95.2025,1904.05
"0.5","one2many","same","50%","var",0.000260670491478071,0.0734027777777779,0,0.000280833352383735,0.0119444444444445,0,0.221055555555557,88.4222222222222
"0.5","one2many","same","97.5%","mean",1.56045811257435,25.00425,30,1.54223955477701,9.117,10,95.522625,1910.4525
"0.5","one2many","same","97.5%","var",0.000742166343731246,0.158891666666667,0,0.00146045844196549,0.0297083333333333,0,1.9154909722222,766.196388888881
"0.5","one2many","same","mean","mean",1.3500444611265,22.31935,29.999,1.24566835704809,8.0891,9.995,95.12985,1902.597
"0.5","one2many","same","mean","var",0.000292425833389351,0.0763641666666666,0.001,0.000390162233649128,0.0128477777777778,0.00366666666666667,0.346055277777778,138.422111111111
"0.5","one2many","same","var","mean",0.00816643379215235,2.09075285606061,0.000100000000000003,0.0136918801009773,0.478371909090909,0.00169191919191919,0.371814876262626,148.725950505051
"0.5","one2many","same","var","var",2.55227387449228e-08,0.0012132971364104,1e-04,1.71271864888552e-07,4.07237573263499e-05,0.000805723905723906,0.446673445060091,71467.7512096147
"0.5","one2one","all","2.5%","mean",1.58145086498578,13.162,29.8,1.91577750775911,8.97175,28.195,89.4595,1789.19
"0.5","one2one","all","2.5%","var",0.000253273090089622,0.0172645833333334,0,0.000678101526799476,0.0174305555555556,0,0.0854111111111109,34.1644444444444
"0.5","one2one","all","50%","mean",1.8020897939273,16.65,30,2.35615392252451,12.59,29.8,95.1475,1902.95
"0.5","one2one","all","50%","var",0.000733765919903254,0.0611805555555556,0,0.00269774891184545,0.0563055555555555,0.1,0.261611111111111,104.644444444444
"0.5","one2one","all","97.5%","mean",2.21834908257793,18.912,30,3.28138331595211,15.59025,30,95.38525,1907.705
"0.5","one2one","all","97.5%","var",0.00284761993944715,0.13490625,0.177777777777778,0.00984684074558187,0.139984027777778,0.677777777777778,8.06582777777775,3226.33111111111
"0.5","one2one","all","mean","mean",1.83052119234896,16.49585,29.97,2.4072521325047,12.52005,29.606,94.55415,1891.083
"0.5","one2one","all","mean","var",0.000910366694416193,0.0661097222222222,0.0148888888888889,0.00349157123642718,0.0599541666666667,0.191111111111111,0.910820277777777,364.328111111111
"0.5","one2one","all","var","mean",0.0264259239941489,1.8981126540404,0.0340404040404041,0.114820689777651,2.57465328030303,0.233094949494949,2.79476972474748,1117.90788989899
"0.5","one2one","all","var","var",5.04328851610124e-07,0.00100602860978613,0.00308572141164734,9.02553613326638e-06,0.000948480442932411,0.0447886270108492,3.84495820890159,615193.313424255
"0.5","one2one","none","2.5%","mean",1.03718697821909,28.642125,30,1.03728142929344,28.6395,30,94.956125,1899.1225
"0.5","one2one","none","2.5%","var",1.95166884448088e-05,0.0148388888888889,0,1.93898151983391e-05,0.014761111111111,0,0.0753381944444444,30.1352777777778
"0.5","one2one","none","50%","mean",1.0418987879026,28.795,30,1.0419439855431,28.795,30,95.2475,1904.95
"0.5","one2one","none","50%","var",6.33508098022006e-05,0.048625,0,6.34396533505037e-05,0.0489583333333333,0,0.236111111111112,94.4444444444444
"0.5","one2one","none","97.5%","mean",1.04746780261178,28.92525,30,1.04756225368612,28.922625,30,95.472625,1909.4525
"0.5","one2one","none","97.5%","var",0.000132772908865742,0.101138888888889,0,0.000134888136373206,0.102728472222222,0,0.465916666666665,186.366666666667
"0.5","one2one","none","mean","mean",1.04191064553973,28.79505,30,1.0419506668112,28.79395,30,95.23195,1904.639
"0.5","one2one","none","mean","var",6.75451617215675e-05,0.0515230555555556,0,6.77224622407748e-05,0.0516475,0,0.239554166666667,95.8216666666667
"0.5","one2one","none","var","mean",6.96375496400525e-06,0.00530530050505052,0,7.03882705147918e-06,0.00536176515151517,0,0.0208464116161616,8.33856464646461
"0.5","one2one","none","var","var",9.84969572918618e-10,0.000572098781877417,0,1.00829249961581e-09,0.000585577872786508,0,0.0106610205663892,1705.76329062227
"0.5","one2one","opposite","2.5%","mean",1.23176235584298,19.710875,30,1.38638040247941,16.628125,30,94.8445,1896.89
"0.5","one2one","opposite","2.5%","var",0.000103707273066973,0.0304305555555557,0,0.000149575478191895,0.0251166666666667,0,0.079111111111111,31.6444444444444
"0.5","one2one","opposite","50%","mean",1.33184812707678,22.5275,30,1.56716444247313,19.1475,30,95.2425,1904.85
"0.5","one2one","opposite","50%","var",0.000294664422488807,0.0792361111111113,0,0.000506392804398742,0.0772499999999998,0,0.202013888888888,80.8055555555556
"0.5","one2one","opposite","97.5%","mean",1.5223736316712,24.359625,30,1.80460926967201,21.64175,30,95.493125,1909.8625
"0.5","one2one","opposite","97.5%","var",0.000596112956207366,0.166604861111111,0,0.00137157203733502,0.193027777777778,0,0.466708333333333,186.683333333333
"0.5","one2one","opposite","mean","mean",1.34640421869197,22.34775,29.999,1.57903678010395,19.0913,29.999,95.1976,1903.952
"0.5","one2one","opposite","mean","var",0.000304396150145954,0.0822369444444445,0.001,0.000572758738656107,0.0816588888888889,0.001,0.317343888888889,126.937555555556
"0.5","one2one","opposite","var","mean",0.00542330157662322,1.38775170454545,0.000100000000000003,0.0122814800999562,1.67146596969697,0.000100000000000003,0.0540603434343434,21.6241373737374
"0.5","one2one","opposite","var","var",1.7926101186587e-08,0.00103912118803778,1e-04,1.00248712229529e-07,0.00187202809078439,1e-04,0.537674270572704,86027.8832916324
"0.5","one2one","same","2.5%","mean",1.23167119298708,19.989875,30,1.34818937316229,17.011625,29.3475,94.934,1898.68
"0.5","one2one","same","2.5%","var",9.31399606501208e-05,0.0255881944444444,0,0.00017231985797525,0.0205,0,0.072263888888888,28.9055555555556
"0.5","one2one","same","50%","mean",1.3538303250127,22.1625,30,1.54068739359039,19.475,30,95.23,1904.6
"0.5","one2one","same","50%","var",0.000287452115404768,0.0797361111111111,0,0.000411860705407267,0.0707361111111113,0,0.195361111111112,78.1444444444444
"0.5","one2one","same","97.5%","mean",1.50090129580248,24.36175,30,1.76390440534039,22.25825,30,95.501,1910.02
"0.5","one2one","same","97.5%","var",0.000659609013337952,0.155725,0,0.00133657419963381,0.169480555555556,0.250833333333333,0.500205555555556,200.082222222222
"0.5","one2one","same","mean","mean",1.35344340518758,22.2256,29.999,1.53182831901224,19.65335,29.949,95.1979,1903.958
"0.5","one2one","same","mean","var",0.000313913102373394,0.0836816666666666,0.001,0.000558485493327955,0.0782963888888889,0.0272222222222222,0.275058333333333,110.023333333333
"0.5","one2one","same","var","mean",0.00483926657849375,1.27536983838384,0.000100000000000003,0.0118871098881336,1.99364093686869,0.026160606060606,0.160730393939394,64.2921575757575
"0.5","one2one","same","var","var",2.24130287918494e-08,0.00129990382871929,1e-04,2.12630715400365e-07,0.00162868139816374,0.00586700336700337,0.231892125179262,37102.7400286819
"0.9","many2many","all","2.5%","mean",1.66196394770775,11.868375,29.3475,1.27621981975013,4.86825,10,90.377125,1807.5425
"0.9","many2many","all","2.5%","var",0.000464901901075469,0.022825,0,0.000219652758146988,0.00388333333333336,0,0.0719333333333341,28.7733333333333
"0.9","many2many","all","50%","mean",2.05280396813987,14.4875,30,1.5947766890916,6.2725,10,95.015,1900.3
"0.9","many2many","all","50%","var",0.00135905048758406,0.0789583333333334,0,0.000916232110059716,0.0153472222222222,0,0.252222222222222,100.888888888889
"0.9","many2many","all","97.5%","mean",2.52445214136013,18.05475,30,2.05536542307292,7.838625,10,95.41525,1908.305
"0.9","many2many","all","97.5%","var",0.00483324649144094,0.202152777777778,0.2725,0.0037665320192003,0.0320972222222222,0,4.75886319444444,1903.54527777777
"0.9","many2many","all","mean","mean",2.03480591754376,14.8656,29.902,1.60149848890582,6.3435,9.995,94.3252,1886.504
"0.9","many2many","all","mean","var",0.00182793455917392,0.0856055555555555,0.0675555555555556,0.00125425325650121,0.0160338888888889,0.00277777777777778,0.796211111111111,318.484444444444
"0.9","many2many","all","var","mean",0.0470944615925592,2.51738044444444,0.0339353535353535,0.0420792781707419,0.639123484848485,0.0025,2.51772218181818,1007.08887272727
"0.9","many2many","all","var","var",1.63584558926211e-06,0.00225669388327721,0.0112774161366754,1.83917250479882e-06,5.28291647961092e-05,0.000771604938271605,1.59521636912333,255234.619059733
"0.9","many2many","none","2.5%","mean",1.07708790425644,26.98475,30,1,9.907375,10,94.962375,1899.2475
"0.9","many2many","none","2.5%","var",5.02434321727336e-05,0.0313618055555556,0,0,0,0,0.0827076388888891,33.0830555555556
"0.9","many2many","none","50%","mean",1.09415970458412,27.4225,30,1.00100502512563,9.99,10,95.23,1904.6
"0.9","many2many","none","50%","var",0.000135499579209463,0.0828472222222222,0,4.48922445841739e-06,0.000444444444444457,0,0.221722222222223,88.6888888888889
"0.9","many2many","none","97.5%","mean",1.11185909417318,27.8555,30,1.00938396945871,10,10,95.52025,1910.405
"0.9","many2many","none","97.5%","var",0.000300024215058427,0.189458333333333,0,4.77991310595696e-05,0.00460347222222219,0,0.47926111111111,191.704444444444
"0.9","many2many","none","mean","mean",1.09397802672355,27.4282,30,1.00212130961844,9.97905,10,95.2458,1904.916
"0.9","many2many","none","mean","var",0.000145683176860439,0.0912694444444444,0,9.94024545576641e-06,0.000956388888888893,0,0.245679444444444,98.2717777777778
"0.9","many2many","none","var","mean",0.000103551582081542,0.0649467272727272,0,1.3549060787222e-05,0.00129075505050505,0,0.0236523838383838,9.46095353535352
"0.9","many2many","none","var","var",4.71869000785888e-09,0.00181660017614416,0,3.01380974874834e-10,2.55001021012593e-06,0,0.0116133574077192,1858.13718523507
"0.9","many2many","opposite","2.5%","mean",1.30820867333983,17.51875,30,1.06584048876365,7.080125,10,94.95,1899
"0.9","many2many","opposite","2.5%","var",0.000131690732612028,0.0308326388888888,0,5.23049599128624e-05,0.00374166666666666,0,0.0605256944444444,24.2102777777778
"0.9","many2many","opposite","50%","mean",1.4603134442849,20.55,30,1.18572456558172,8.435,10,95.2425,1904.85
"0.9","many2many","opposite","50%","var",0.000490482669983597,0.0978472222222221,0,0.000197826460946246,0.00955555555555556,0,0.209777777777778,83.9111111111111
"0.9","many2many","opposite","97.5%","mean",1.7146254600527,22.93625,30,1.41447528983526,9.383375,10,95.538125,1910.7625
"0.9","many2many","opposite","97.5%","var",0.00122813640018105,0.184944444444445,0,0.000862699495625537,0.0275194444444444,0,0.572630555555555,229.052222222222
"0.9","many2many","opposite","mean","mean",1.46719400485003,20.5477,29.998,1.19426726787239,8.41535,10,95.2517,1905.034
"0.9","many2many","opposite","mean","var",0.000529884248902813,0.0987311111111111,0.002,0.000249096616031038,0.0111358333333333,0,0.241362222222222,96.5448888888889
"0.9","many2many","opposite","var","mean",0.0108402425184134,1.94759263636364,0.000197979797979804,0.00761862097377714,0.322802654040404,0,0.0233041515151516,9.3216606060605
"0.9","many2many","opposite","var","var",8.94339251322765e-08,0.00172767609552314,0.000197979797979798,4.72604443158083e-08,3.74250357744107e-05,0,0.0519275626000748,8308.41001601197
"0.9","many2many","same","2.5%","mean",1.29241230071379,18.066875,29.9,1.06812284589977,7.18425,10,94.62425,1892.485
"0.9","many2many","same","2.5%","var",0.000158373652059927,0.0329111111111111,0,4.46806726255897e-05,0.00230277777777777,0,0.0825361111111106,33.0144444444444
"0.9","many2many","same","50%","mean",1.44351080888267,20.7875,30,1.17905509717975,8.4825,10,95.21,1904.2
"0.9","many2many","same","50%","var",0.000472201470526144,0.0909027777777778,0,0.00015922713412077,0.00736111111111112,0,0.233888888888888,93.5555555555556
"0.9","many2many","same","97.5%","mean",1.65859561144196,23.218375,30,1.3921334675463,9.362625,10,95.6115,1912.23
"0.9","many2many","same","97.5%","var",0.00115320834404692,0.212614583333333,0.1,0.000485680657220914,0.0226979166666667,0,0.925704861111106,370.281944444442
"0.9","many2many","same","mean","mean",1.45187628514065,20.7592,29.992,1.18800731740809,8.4574,10,95.146,1902.92
"0.9","many2many","same","mean","var",0.000529265685687978,0.101733333333333,0.00777777777777778,0.000194620776331044,0.0092361111111111,0,0.301442777777778,120.577111111111
"0.9","many2many","same","var","mean",0.0104594712472598,1.970364,0.000945454545454559,0.00686298258417928,0.321063373737374,0,0.251303535353536,100.521414141414
"0.9","many2many","same","var","var",8.53791581763592e-08,0.0026497651203392,0.000864197530864198,2.11155951241764e-08,2.92279352163611e-05,0,0.216768729374299,34682.9966998878
"0.9","one2many","all","2.5%","mean",1.7250670238624,11.021625,29.4,1.43940946619896,4.127375,9.3475,90.4115,1808.23
"0.9","one2many","all","2.5%","var",0.000479861890657209,0.0228270833333333,0,0.000549466367350961,0.0060034722222222,0,0.0728368055555561,29.1347222222222
"0.9","one2many","all","50%","mean",2.04581346688365,14.6725,30,1.79657340702317,5.54,10,94.5825,1891.65
"0.9","one2many","all","50%","var",0.00161305931108874,0.0822777777777777,0,0.00187601810632456,0.0166944444444444,0,0.308791666666666,123.516666666667
"0.9","one2many","all","97.5%","mean",2.69698763295293,17.397,30,2.38208406784408,6.95025,10,95.363625,1907.2725
"0.9","one2many","all","97.5%","var",0.00723319512987716,0.185225,0.392222222222221,0.0202429791641621,0.0345881944444444,0.2725,3.83249444444444,1532.99777777778
"0.9","one2many","all","mean","mean",2.10255209401109,14.40635,29.921,1.81668104378782,5.565,9.948,94.10985,1882.197
"0.9","one2many","all","mean","var",0.002306991516805,0.0882536111111111,0.0567777777777778,0.00346473211576885,0.0177877777777778,0.0242222222222222,0.676769722222222,270.707888888889
"0.9","one2many","all","var","mean",0.0570889397551987,2.35348881565657,0.0360191919191919,0.0522561391748557,0.499339393939394,0.0358545454545454,1.8890027550505,755.601102020202
"0.9","one2many","all","var","var",4.50260515995098e-06,0.00176603580020888,0.017792480359147,4.4084001803441e-05,6.94801646090535e-05,0.00778496071829405,0.891907087624627,142705.13401994
"0.9","one2many","none","2.5%","mean",1.03701467841507,28.671875,30,1,9.865,10,94.977125,1899.5425
"0.9","one2many","none","2.5%","var",1.81973382936348e-05,0.0140194444444444,0,0,0,0,0.0846145833333337,33.8458333333333
"0.9","one2many","none","50%","mean",1.04169845560187,28.8,30,1.00454299390095,9.955,10,95.245,1904.9
"0.9","one2many","none","50%","var",6.30327328915997e-05,0.0480555555555555,0,2.15284730087568e-05,0.0021111111111111,0,0.21351388888889,85.4055555555556
"0.9","one2many","none","97.5%","mean",1.04634695455724,28.93,30,1.01375696828352,10,10,95.507875,1910.1575
"0.9","one2many","none","97.5%","var",0.00013486706289762,0.102720138888889,0,8.7502787270213e-05,0.00833333333333331,0,0.468200694444445,187.280277777778
"0.9","one2many","none","mean","mean",1.04158801039864,28.8039,30,1.00528023711055,9.94785,10,95.2451,1904.902
"0.9","one2many","none","mean","var",6.62054027612134e-05,0.050505,0,2.64790156433856e-05,0.00254361111111111,0,0.227927222222222,91.1708888888889
"0.9","one2many","none","var","mean",5.52933214188189e-06,0.00422251515151516,0,1.47565078381087e-05,0.00142285606060605,0,0.0227338282828284,9.09353131313129
"0.9","one2many","none","var","var",8.87065574256047e-10,0.000509929158560916,0,5.50759411389942e-10,4.8801791838134e-06,0,0.0106259926078688,1700.15881725901
"0.9","one2many","opposite","2.5%","mean",1.27771383853938,18.395125,30,1.11268921279951,6.715625,10,94.96975,1899.395
"0.9","one2many","opposite","2.5%","var",0.00012418318810323,0.0301243055555555,0,0.000105684075834447,0.0046701388888889,0,0.0892611111111118,35.7044444444444
"0.9","one2many","opposite","50%","mean",1.44746283869332,20.73,30,1.28951823436388,7.7575,10,95.225,1904.5
"0.9","one2many","opposite","50%","var",0.000417312992962986,0.0816666666666665,0,0.000387470596448619,0.0139583333333333,0,0.197569444444445,79.0277777777778
"0.9","one2many","opposite","97.5%","mean",1.63149465981636,23.482625,30,1.48940156705582,8.98875,10,95.48525,1909.705
"0.9","one2many","opposite","97.5%","var",0.00123471786760767,0.189333333333333,0,0.000978324116666778,0.0291909722222222,0,0.605030555555556,242.012222222222
"0.9","one2many","opposite","mean","mean",1.44568727401697,20.84035,29.999,1.28817682634628,7.8055,10,95.1982,1903.964
"0.9","one2many","opposite","mean","var",0.000460175911397543,0.0910102777777777,0.001,0.000421628479677075,0.0148327777777778,0,0.263629444444445,105.451777777778
"0.9","one2many","opposite","var","mean",0.00872973889433611,1.80603548232323,0.000100000000000003,0.0087888976712651,0.324525505050505,0,0.0664851111111109,26.5940444444444
"0.9","one2many","opposite","var","var",6.97033873314105e-08,0.0021742223415482,1e-04,5.75007297363348e-08,5.08412673026562e-05,0,0.161155417714491,25784.8668343185
"0.9","one2many","same","2.5%","mean",1.24030841887788,18.038875,30,1.10224767186759,6.552875,10,93.619,1872.38
"0.9","one2many","same","2.5%","var",9.23967953546463e-05,0.0256083333333333,0,6.66402915530336e-05,0.00345763888888888,0,0.0720451388888888,28.8180555555556
"0.9","one2many","same","50%","mean",1.42667455221714,21.0325,30,1.24868109782526,8.01,10,95.185,1903.7
"0.9","one2many","same","50%","var",0.000329167969099493,0.0851805555555556,0,0.000373940400863772,0.0138333333333333,0,0.228888888888889,91.5555555555555
"0.9","one2many","same","97.5%","mean",1.66339983014695,24.190625,30,1.52634826936601,9.072875,10,95.543375,1910.8675
"0.9","one2many","same","97.5%","var",0.00102273901451283,0.191486111111111,0,0.00118600980276589,0.0352944444444444,0,1.05682222222222,422.728888888886
"0.9","one2many","same","mean","mean",1.42347500255886,21.20455,30,1.27378618266431,7.9149,9.999,95.09875,1901.975
"0.9","one2many","same","mean","var",0.000402745742059349,0.0853097222222222,0,0.000437627373938508,0.0148788888888889,0.001,0.311729722222222,124.691888888889
"0.9","one2many","same","var","mean",0.0125580649515939,2.63209903787879,0,0.0139355475466321,0.483390898989899,9.99999999999993e-05,0.320327462121212,128.130984848485
"0.9","one2many","same","var","var",5.46377050796078e-08,0.00164431567799913,0,1.02922605724072e-07,6.78824903354533e-05,1e-04,0.20726457787528,33162.3324600449
"0.9","one2one","all","2.5%","mean",1.85601072447933,10.61325,29.2425,1.97361288829326,8.625625,27.8,90.26225,1805.245
"0.9","one2one","all","2.5%","var",0.000645464627115444,0.0244027777777778,0,0.000911807751810484,0.0236951388888889,0,0.12698125,50.7925
"0.9","one2one","all","50%","mean",2.23966364764436,13.3675,30,2.51618337901402,11.73,29.7,94.8725,1897.45
"0.9","one2one","all","50%","var",0.00234302771301868,0.0700694444444444,0,0.00384033159727196,0.0472916666666668,0.177777777777778,0.299305555555555,119.722222222222
"0.9","one2one","all","97.5%","mean",2.81965159164343,16.170625,30,3.4037726591116,15.12025,30,95.4355,1908.71
"0.9","one2one","all","97.5%","var",0.00757077785171803,0.171833333333333,0.494722222222222,0.0144585105069771,0.132255555555556,0.6725,5.62234999999998,2248.93999999999
"0.9","one2one","all","mean","mean",2.26656833434317,13.3603,29.873,2.57418048398212,11.71965,29.476,94.34035,1886.807
"0.9","one2one","all","mean","var",0.00293692042160265,0.0816088888888889,0.0814444444444444,0.00437126113322813,0.0564402777777778,0.191111111111111,0.8550225,342.009
"0.9","one2one","all","var","mean",0.0696259393027996,2.37670798989899,0.0581525252525252,0.157163125317848,3.18753043181818,0.344872727272727,2.11293851262626,845.175405050505
"0.9","one2one","all","var","var",4.82984261441617e-06,0.00188917944382093,0.0178627135553061,1.31202503540717e-05,0.000862919151000747,0.0391619902731014,2.2416527893393,358664.446294289
"0.9","one2one","none","2.5%","mean",1.03820594503456,28.642375,30,1.03820594503456,28.642375,30,95.01925,1900.385
"0.9","one2one","none","2.5%","var",1.74674214291777e-05,0.0133833333333333,0,1.74674214291777e-05,0.0133833333333333,0,0.0841583333333331,33.6633333333333
"0.9","one2one","none","50%","mean",1.04174584032931,28.8,30,1.04174584032931,28.8,30,95.24,1904.8
"0.9","one2one","none","50%","var",6.26270705127129e-05,0.0484583333333332,0,6.26270705127129e-05,0.0484583333333332,0,0.208833333333334,83.5333333333333
"0.9","one2one","none","97.5%","mean",1.04748972554565,28.897625,30,1.04748972554565,28.897625,30,95.48025,1909.605
"0.9","one2one","none","97.5%","var",0.000144080063514986,0.109496527777778,0,0.000144080063514986,0.109496527777778,0,0.445147222222222,178.058888888889
"0.9","one2one","none","mean","mean",1.04208109662252,28.79035,30,1.04208648761237,28.7902,30,95.25175,1905.035
"0.9","one2one","none","mean","var",6.79660496798109e-05,0.0516902777777778,0,6.79333922214011e-05,0.0516655555555556,0,0.219198611111111,87.6794444444444
"0.9","one2one","none","var","mean",7.06640567050542e-06,0.00536174494949494,0,7.0555883557967e-06,0.00535349494949494,0,0.0180764520202019,7.23058080808078
"0.9","one2one","none","var","var",1.14638886598381e-09,0.000651079660415887,0,1.14572396707723e-09,0.000650767519640853,0,0.0108393744758542,1734.29991613668
"0.9","one2one","opposite","2.5%","mean",1.36405495579904,17.545625,30,1.44861901672794,15.855125,30,94.942125,1898.8425
"0.9","one2one","opposite","2.5%","var",0.000162529498897951,0.0313895833333334,0,0.000154755641302655,0.0197138888888888,0,0.0835833333333336,33.4333333333333
"0.9","one2one","opposite","50%","mean",1.50475208651757,19.9425,30,1.62062714849587,18.5175,30,95.215,1904.3
"0.9","one2one","opposite","50%","var",0.000502296012147894,0.0904583333333332,0,0.000458606329145314,0.0640833333333332,0,0.230888888888888,92.3555555555556
"0.9","one2one","opposite","97.5%","mean",1.71002203130638,21.99725,30,1.89252182878866,20.7115,30,95.577875,1911.5575
"0.9","one2one","opposite","97.5%","var",0.00126777468387473,0.201902083333333,0,0.00138760973809346,0.154761111111111,0,0.474191666666666,189.676666666667
"0.9","one2one","opposite","mean","mean",1.5177210150901,19.847,30,1.64010743200007,18.40805,29.996,95.18865,1903.773
"0.9","one2one","opposite","mean","var",0.000595086989212942,0.098845,0,0.000595941587833573,0.0695330555555555,0.00488888888888889,0.260045833333333,104.018333333333
"0.9","one2one","opposite","var","mean",0.00903676435640014,1.5110005050505,0,0.0176209680055622,2.10042216919192,0.00159999999999999,0.212835785353536,85.134314141414
"0.9","one2one","opposite","var","var",1.10183445860229e-07,0.00249448129723158,0,1.6181712231101e-07,0.00124143712892817,0.00239012345679012,0.0604615010658281,9673.84017053248
"0.9","one2one","same","2.5%","mean",1.32159062023913,17.309875,29.8475,1.36142932371051,16.249375,29,93.85325,1877.065
"0.9","one2one","same","2.5%","var",0.000155772337056157,0.0272951388888889,0,9.28726460804211e-05,0.0167631944444446,0,0.0752083333333333,30.0833333333333
"0.9","one2one","same","50%","mean",1.49013809582007,20.135,30,1.54963155995625,19.3625,30,95.195,1903.9
"0.9","one2one","same","50%","var",0.000426708573031622,0.0784583333333334,0,0.000442518890033234,0.0606249999999999,0,0.208166666666667,83.2666666666667
"0.9","one2one","same","97.5%","mean",1.73369309583617,22.702625,30,1.84684221362868,22.040375,30,95.5355,1910.71
"0.9","one2one","same","97.5%","var",0.00143923523283472,0.149767361111111,0.140833333333333,0.00147892381164438,0.143388194444445,0.266666666666667,1.50245555555554,600.982222222218
"0.9","one2one","same","mean","mean",1.50575684969768,20.0107,29.985,1.57052146971375,19.15475,29.89,95.0913,1901.826
"0.9","one2one","same","mean","var",0.000520465846681517,0.0830711111111111,0.00944444444444444,0.000559089023716786,0.0699730555555556,0.0326666666666667,0.325205555555556,130.082222222222
"0.9","one2one","same","var","mean",0.010948563811991,1.86180960606061,0.00633838383838384,0.0159170142477485,2.32534766414141,0.0934343434343434,0.216585161616162,86.6340646464648
"0.9","one2one","same","var","var",9.81811676297577e-08,0.00123003099388951,0.00163206135428358,1.34945371602234e-07,0.00118796836349607,0.0070652699837885,0.207724549756828,33235.9279610924
"0","many2many","all","2.5%","mean",1.61490920031922,12.7155,29.7,1.30510777936025,4.600625,10,91.669375,1833.3875
"0","many2many","all","2.5%","var",0.000336519339587218,0.0250729166666665,0,0.00025926906641985,0.00556875000000001,0,0.0890215277777769,35.6086111111111
"0","many2many","all","50%","mean",1.86810081860863,16.0425,30,1.5271256289316,6.55,10,95.2175,1904.35
"0","many2many","all","50%","var",0.00110801358823101,0.076736111111111,0,0.000888068723735825,0.0164027777777778,0,0.249347222222221,99.7388888888889
"0","many2many","all","97.5%","mean",2.35878091877473,18.582375,30,2.17543129816866,7.66625,10,95.46025,1909.205
"0","many2many","all","97.5%","var",0.00325636680824217,0.170344444444444,0.233333333333333,0.00472898999128649,0.0419131944444444,0,5.12908402777778,2051.63361111111
"0","many2many","all","mean","mean",1.89755859223768,15.94455,29.971,1.57694341781571,6.4477,10,94.96145,1899.229
"0","many2many","all","mean","var",0.00133590647188784,0.0819491666666666,0.0225555555555556,0.00131365439185378,0.0182533333333333,0,0.717800833333333,287.120333333333
"0","many2many","all","var","mean",0.0350858856845083,2.24450358333333,0.00793838383838388,0.0460121138919038,0.612481525252525,0,0.803697623737374,321.479049494949
"0","many2many","all","var","var",6.77423359093537e-07,0.00143982424639918,0.00374973188676892,1.50070764800218e-06,9.44862401795735e-05,0,1.89562309226611,303299.694762576
"0","many2many","none","2.5%","mean",1.07475994866266,26.8835,30,1,9.93,10,94.952375,1899.0475
"0","many2many","none","2.5%","var",3.80427088286875e-05,0.0239284722222222,0,0,0,0,0.0917361111111118,36.6944444444444
"0","many2many","none","50%","mean",1.09374534053355,27.43,30,1.00100502512563,9.99,10,95.215,1904.3
"0","many2many","none","50%","var",0.000144885632343819,0.0915138888888886,0,4.48922445841739e-06,0.000444444444444457,0,0.220055555555556,88.0222222222222
"0","many2many","none","97.5%","mean",1.11606987296232,27.91525,30,1.00709576859618,10,10,95.533125,1910.6625
"0","many2many","none","97.5%","var",0.00029905642504885,0.192857638888889,0,5.90664623860709e-05,0.00557777777777776,0,0.556307638888889,222.523055555556
"0","many2many","none","mean","mean",1.09437133958248,27.4189,30,1.00191837737007,9.98105,10,95.23115,1904.623
"0","many2many","none","mean","var",0.000154109753523951,0.09625,0,9.04531046727194e-06,0.000871944444444449,0,0.240828611111111,96.3314444444444
"0","many2many","none","var","mean",0.000121058180926049,0.0755230202020203,0,1.2142606221982e-05,0.00116024999999999,0,0.0229660883838384,9.18643535353532
"0","many2many","none","var","var",5.61408238355221e-09,0.00211928815937149,0,2.21011404459654e-10,1.92765455480733e-06,0,0.0126528232331805,2024.45171730889
"0","many2many","opposite","2.5%","mean",1.280898705815,17.97775,30,1.0789729748706,7.21475,10,94.95975,1899.195
"0","many2many","opposite","2.5%","var",0.000106190739622827,0.0212500000000001,0,5.58527660494667e-05,0.00358333333333335,0,0.0817527777777782,32.7011111111111
"0","many2many","opposite","50%","mean",1.39499179694014,21.51,30,1.19916124893835,8.34,10,95.225,1904.5
"0","many2many","opposite","50%","var",0.000376575786218082,0.0808055555555554,0,0.000199958310653948,0.0101111111111111,0,0.217027777777776,86.8111111111111
"0","many2many","opposite","97.5%","mean",1.66905337254045,23.426,30,1.38627040681924,9.268625,10,95.573375,1911.4675
"0","many2many","opposite","97.5%","var",0.000974529870265257,0.179803472222222,0,0.000642654923933836,0.0217618055555555,0,0.401289583333333,160.515833333333
"0","many2many","opposite","mean","mean",1.4269657209547,21.1373,29.999,1.2100595756035,8.30635,10,95.2471,1904.942
"0","many2many","opposite","mean","var",0.000412436272646343,0.09012,0.001,0.000242060810676544,0.0107508333333333,0,0.227244444444444,90.8977777777778
"0","many2many","opposite","var","mean",0.0114461663618792,2.23786435353535,0.000100000000000003,0.00753003124645332,0.337304472222222,0,0.0241278686868685,9.65114747474742
"0","many2many","opposite","var","var",4.90827476869599e-08,0.00200693127073201,1e-04,2.11996051198344e-08,2.52231334175083e-05,0,0.00900951134804837,1441.52181568774
"0","many2many","same","2.5%","mean",1.29552799913583,18.4965,30,1.06281382097533,7.12475,10,94.860375,1897.2075
"0","many2many","same","2.5%","var",0.000122155758576246,0.0271972222222223,0,4.76957589033409e-05,0.00259722222222223,0,0.0778055555555539,31.1222222222222
"0","many2many","same","50%","mean",1.40771745520917,21.315,30,1.18219724504596,8.46,10,95.28,1905.6
"0","many2many","same","50%","var",0.000401448778689885,0.0877777777777777,0,0.00018775592081648,0.00952777777777778,0,0.239583333333334,95.8333333333333
"0","many2many","same","97.5%","mean",1.62237366321769,23.161,30,1.40400278705907,9.41025,10,95.4905,1909.81
"0","many2many","same","97.5%","var",0.000872308580359253,0.185905555555555,0,0.000775500482555595,0.0259277777777778,0,0.55721597222222,222.886388888889
"0","many2many","same","mean","mean",1.4214282576197,21.1816,29.998,1.19547429504026,8.4072,10,95.2065,1904.13
"0","many2many","same","mean","var",0.000426820055963842,0.0928305555555555,0.002,0.000235835525263645,0.01065,0,0.28579,114.316
"0","many2many","same","var","mean",0.00723524176075808,1.55173125252525,0.000197979797979804,0.00740198617087731,0.336094101010101,0,0.252840151515152,101.136060606061
"0","many2many","same","var","var",4.39144462277734e-08,0.00186103221255767,0.000197979797979798,3.49851491214658e-08,4.01578750467639e-05,0,0.0972352013081435,15557.6322093029
"0","one2many","all","2.5%","mean",1.46330887561391,14.30975,29.9,1.37516629113632,4.646875,9.7475,90.70275,1814.055
"0","one2many","all","2.5%","var",0.000238922165936967,0.0241583333333334,0,0.000421131535207081,0.00693611111111112,0,0.0791833333333341,31.6733333333333
"0","one2many","all","50%","mean",1.71626688177447,17.4825,30,1.68595513155625,5.9325,10,95.1925,1903.85
"0","one2many","all","50%","var",0.000557928739507177,0.0542916666666668,0,0.00169841364899853,0.0206388888888889,0,0.214722222222222,85.8888888888889
"0","one2many","all","97.5%","mean",2.09678666738206,20.5065,30,2.15351690800727,7.273875,10,95.51025,1910.205
"0","one2many","all","97.5%","var",0.00155106986920099,0.135111111111111,0.1,0.0117788867020889,0.0462222222222222,0.206944444444444,6.41465208333332,2565.86083333333
"0","one2many","all","mean","mean",1.73744958781504,17.418,29.994,1.70800670194868,5.9425,9.985,94.76315,1895.263
"0","one2many","all","mean","var",0.000651149747355392,0.0629244444444445,0.00533333333333333,0.00252973919287479,0.0222155555555556,0.0114444444444444,0.829958611111111,331.983444444444
"0","one2many","all","var","mean",0.0272946046469019,2.62483232323232,0.00117575757575759,0.0466234572030516,0.565383585858586,0.00452020202020203,1.5885018459596,635.400738383839
"0","one2many","all","var","var",1.31723903714149e-07,0.00105755985908468,0.000824242424242424,7.85773552017973e-06,0.000126877994762439,0.00237549569771792,4.19246963022969,670795.14083675
"0","one2many","none","2.5%","mean",1.03721357618148,28.682375,30,1,9.865,10,94.931375,1898.6275
"0","one2many","none","2.5%","var",2.3992248881049e-05,0.0184138888888889,0,0,0,0,0.0749270833333336,29.9708333333333
"0","one2many","none","50%","mean",1.04209266526637,28.79,30,1.0050583129103,9.95,10,95.2675,1905.35
"0","one2many","none","50%","var",6.42341742280413e-05,0.0488472222222223,0,2.33746850585446e-05,0.00224999999999998,0,0.20375,81.5
"0","one2many","none","97.5%","mean",1.04597632407289,28.92525,30,1.01374104857177,10,10,95.552,1911.04
"0","one2many","none","97.5%","var",0.000137438378117941,0.10485,0,8.75036101496095e-05,0.0082027777777778,0,0.416286111111111,166.514444444444
"0","one2many","none","mean","mean",1.04192726491885,28.7946,30,1.00582041689401,9.94255,10,95.2664,1905.328
"0","one2many","none","mean","var",6.91896311735937e-05,0.0527427777777778,0,2.7433530042996e-05,0.00262583333333333,0,0.217909444444445,87.1637777777778
"0","one2many","none","var","mean",5.83620338569671e-06,0.00445690909090909,0,1.83542465966522e-05,0.00176641161616162,0,0.026714686868687,10.6858747474748
"0","one2many","none","var","var",9.64818200464817e-10,0.000556093771355531,0,6.2835325619751e-10,5.39145240990147e-06,0,0.00972290225745108,1555.66436119217
"0","one2many","opposite","2.5%","mean",1.20257733150854,19.913,30,1.10102221139967,6.75425,10,94.985875,1899.7175
"0","one2many","opposite","2.5%","var",9.26282956409359e-05,0.0282256944444444,0,7.27560744863033e-05,0.00433333333333332,0,0.0545277777777776,21.8111111111111
"0","one2many","opposite","50%","mean",1.31182607078814,22.8725,30,1.26711973242828,7.895,10,95.2675,1905.35
"0","one2many","opposite","50%","var",0.000225938179285265,0.06725,0,0.00040637228145555,0.0150694444444445,0,0.203847222222221,81.5388888888889
"0","one2many","opposite","97.5%","mean",1.50696062291983,24.951,30,1.48115111198202,9.083875,10,95.51025,1910.205
"0","one2many","opposite","97.5%","var",0.000525220313611619,0.147327083333333,0,0.0013774409871537,0.0368465277777777,0,0.457924999999999,183.17
"0","one2many","opposite","mean","mean",1.32107188507597,22.7804,30,1.27438769905811,7.89435,10,95.264,1905.28
"0","one2many","opposite","mean","var",0.000242972743147902,0.0720327777777778,0,0.000490185521699794,0.0171341666666667,0,0.228583333333333,91.4333333333333
"0","one2many","opposite","var","mean",0.00558464891697962,1.5189862020202,0,0.00943134590844034,0.36604528030303,0,0.0219737373737373,8.78949494949495
"0","one2many","opposite","var","var",1.37109602985671e-08,0.00111234891164734,0,1.19400934356721e-07,7.60002346770171e-05,0,0.0126382620027435,2022.12192043896
"0","one2many","same","2.5%","mean",1.20307921515055,19.816375,30,1.088815739754,6.3265,10,94.905125,1898.1025
"0","one2many","same","2.5%","var",6.34762870762559e-05,0.0197083333333335,0,7.25967438361974e-05,0.00383055555555557,0,0.0749243055555555,29.9697222222222
"0","one2many","same","50%","mean",1.31871412678991,22.7525,30,1.21869184170649,8.2075,10,95.2675,1905.35
"0","one2many","same","50%","var",0.000228094424279003,0.0670277777777777,0,0.000290668981552668,0.0133888888888889,0,0.235694444444443,94.2777777777778
"0","one2many","same","97.5%","mean",1.51419461169748,24.938375,30,1.58149298158768,9.185,10,95.45575,1909.115
"0","one2many","same","97.5%","var",0.000688829951287482,0.158666666666666,0,0.00139225379889696,0.0245159722222222,0,1.56846458333332,627.385833333327
"0","one2many","same","mean","mean",1.33544518541973,22.5508,29.996,1.2542261199897,8.04605,10,95.2424,1904.848
"0","one2many","same","mean","var",0.000256818852733623,0.0694977777777778,0.00266666666666667,0.000381213055143503,0.0135269444444444,0,0.336980555555556,134.792222222222
"0","one2many","same","var","mean",0.00732254575945375,1.88146096969697,0.00159999999999999,0.0155271726842774,0.534613785353535,0,0.0296664040404041,11.8665616161616
"0","one2many","same","var","var",2.41249893636393e-08,0.00134193253024068,0.000711111111111111,9.84457835697521e-08,3.95211288034667e-05,0,0.378081680765993,60493.0689225589
"0","one2one","all","2.5%","mean",1.49336789152001,14.54125,29.9475,1.93923682830237,9.078625,28.8,90.443875,1808.8775
"0","one2one","all","2.5%","var",0.00017919727257817,0.0228611111111111,0,0.00074994709067312,0.0270090277777777,0,0.0800034722222231,32.0013888888889
"0","one2one","all","50%","mean",1.70433355477602,17.605,30,2.33493108733339,12.7775,29.9,95.1725,1903.45
"0","one2one","all","50%","var",0.000571250820424711,0.061236111111111,0,0.00325910035398178,0.0820138888888889,0.1,0.219624999999999,87.85
"0","one2one","all","97.5%","mean",2.06118074741386,20.090875,30,3.24374247491713,15.422875,30,95.53125,1910.625
"0","one2one","all","97.5%","var",0.00198630864393251,0.125772916666667,0.0524999999999992,0.0119120163925044,0.186177083333333,0.488888888888889,5.9779173611111,2391.16694444444
"0","one2one","all","mean","mean",1.71377685502794,17.6263,29.994,2.39465601448858,12.64545,29.74,94.7489,1894.978
"0","one2one","all","mean","var",0.000688331627582897,0.0657927777777778,0.00511111111111111,0.00404187233779261,0.0863108333333333,0.146666666666667,0.660191666666667,264.076666666667
"0","one2one","all","var","mean",0.0218068347427651,2.05365637373737,0.00137777777777778,0.109172346089264,2.69998691666667,0.127676767676768,1.77145584848485,708.582339393939
"0","one2one","all","var","var",3.12721178489957e-07,0.00103832994170096,0.000943808454919566,1.04834706826027e-05,0.00160331809912396,0.0607806459658311,2.14874519688396,343799.231501434
"0","one2one","none","2.5%","mean",1.03674605415525,28.677125,30,1.03674605415525,28.67,30,95.012125,1900.2425
"0","one2one","none","2.5%","var",2.62696397531642e-05,0.0198923611111111,0,2.58613814611648e-05,0.0196944444444444,0,0.0587256944444441,23.4902777777778
"0","one2one","none","50%","mean",1.04153557856907,28.805,30,1.04156149334214,28.805,30,95.235,1904.7
"0","one2one","none","50%","var",6.14272359578503e-05,0.0476388888888889,0,6.23827362196833e-05,0.047736111111111,0,0.196958333333333,78.7833333333333
"0","one2one","none","97.5%","mean",1.04617718673033,28.937625,30,1.04644278933622,28.937625,30,95.4905,1909.81
"0","one2one","none","97.5%","var",0.000120152192280866,0.0930166666666667,0,0.000122635524047186,0.0930166666666667,0,0.463891666666665,185.556666666667
"0","one2one","none","mean","mean",1.04157303362399,28.80435,30,1.04163844988473,28.80255,30,95.2424,1904.848
"0","one2one","none","mean","var",6.57094435174045e-05,0.0502202777777778,0,6.59465300863361e-05,0.0503819444444444,0,0.211524444444444,84.6097777777778
"0","one2one","none","var","mean",7.28811184483326e-06,0.00556598737373736,0,7.42703212329907e-06,0.00566893686868688,0,0.019843676767677,7.93747070707071
"0","one2one","none","var","var",7.54472028631979e-10,0.000437753246274472,0,7.7297929947484e-10,0.000448312763047137,0,0.0101142635814939,1618.28217303903
"0","one2one","opposite","2.5%","mean",1.19786350523511,20.277125,30,1.36873237579186,15.44675,29.9475,94.893625,1897.8725
"0","one2one","opposite","2.5%","var",6.0776641185728e-05,0.0190173611111111,0,0.000174391272893485,0.0242131944444445,0,0.0845916666666666,33.8366666666667
"0","one2one","opposite","50%","mean",1.30968779092971,22.9075,30,1.61982491331833,18.525,30,95.24,1904.8
"0","one2one","opposite","50%","var",0.000188104093465262,0.0594583333333334,0,0.00056232758090139,0.0762916666666669,0,0.198958333333333,79.5833333333333
"0","one2one","opposite","97.5%","mean",1.47967303013574,25.051125,30,1.9427674609821,21.92075,30,95.513375,1910.2675
"0","one2one","opposite","97.5%","var",0.000497463000105295,0.121627777777778,0,0.00148425690704269,0.157904861111111,0.0524999999999992,0.747246527777777,298.898611111111
"0","one2one","opposite","mean","mean",1.32291357393283,22.76335,30,1.63453928509366,18.50415,29.997,95.20835,1904.167
"0","one2one","opposite","mean","var",0.000209816588266946,0.0611541666666667,0,0.000691960467348229,0.0826175,0.003,0.291944166666667,116.777666666667
"0","one2one","opposite","var","mean",0.00670043293859683,1.88133891666667,0,0.0221731478640183,2.74196921969697,0.000293939393939402,0.136553563131313,54.6214252525252
"0","one2one","opposite","var","var",1.24535780712804e-08,0.00080011661951303,0,1.93446276925785e-07,0.00150598950703018,0.000293939393939394,0.323411108359755,51745.7773375608
"0","one2one","same","2.5%","mean",1.21635809200772,20.181,30,1.34697257333852,16.5925,29.3425,94.4875,1889.75
"0","one2one","same","2.5%","var",8.47385274467992e-05,0.0230194444444445,0,0.00019063819171647,0.0370722222222223,0,0.0735326388888894,29.4130555555556
"0","one2one","same","50%","mean",1.3199467481504,22.73,30,1.52633333078245,19.615,30,95.2425,1904.85
"0","one2one","same","50%","var",0.000224635984801934,0.068388888888889,0,0.000574947386531067,0.0882916666666668,0,0.200250000000002,80.1
"0","one2one","same","97.5%","mean",1.48694093589756,24.666875,30,1.80859942235511,22.236875,30,95.545,1910.9
"0","one2one","same","97.5%","var",0.000514788670555024,0.139975,0,0.00175685433600287,0.187478472222222,0.266666666666667,2.67952777777776,1071.81111111111
"0","one2one","same","mean","mean",1.32399364413691,22.71905,29.999,1.544971539415,19.509,29.944,95.17695,1903.539
"0","one2one","same","mean","var",0.000251273383486214,0.0730958333333333,0.001,0.000663583078643095,0.0913383333333333,0.0282222222222222,0.369574166666666,147.829666666667
"0","one2one","same","var","mean",0.00460947998651065,1.32312964393939,0.000100000000000003,0.0156150207836664,2.40544393939394,0.0297616161616161,0.192630755050505,77.0523020202022
"0","one2one","same","var","var",1.33028255264108e-08,0.000993444309998129,1e-04,1.95215827665995e-07,0.00151774905505674,0.00570250654695099,0.60361545640128,96578.473024205
"1","many2many","all","2.5%","mean",1.76745224272643,10.677125,28.795,1.32425423279269,4.625,10,72.86275,1457.255
"1","many2many","all","2.5%","var",0.000558310183600491,0.0230472222222222,0,0.000273903922911825,0.0042388888888889,0,0.113430555555554,45.3722222222222
"1","many2many","all","50%","mean",2.12461376249238,13.9375,30,1.65608782513799,6.0425,10,89.4975,1789.95
"1","many2many","all","50%","var",0.00213324746241856,0.0778333333333332,0,0.00106402754187188,0.0150694444444444,0,4.128625,1651.45
"1","many2many","all","97.5%","mean",2.79916004128219,16.978,30,2.16748611478343,7.553875,10,95.259125,1905.1825
"1","many2many","all","97.5%","var",0.00636129848751684,0.188383333333333,0.478888888888888,0.00424191355107237,0.0397965277777778,0,16.8205555555555,6728.22222222222
"1","many2many","all","mean","mean",2.16310241552926,14.0043,29.803,1.67452843198976,6.08205,10,87.78505,1755.701
"1","many2many","all","mean","var",0.00254380530110071,0.0865366666666667,0.101444444444444,0.0013710686574635,0.0165913888888889,0,5.1716075,2068.643
"1","many2many","all","var","mean",0.0795376302273434,3.0615692020202,0.118071717171717,0.0528645412693368,0.647391967171717,0,35.8421234823232,14336.8493929293
"1","many2many","all","var","var",3.70458428625794e-06,0.00198661040778152,0.0248326599326599,9.79460640156813e-07,8.93082880502556e-05,0,23.5298150827512,3764770.41324019
"1","many2many","none","2.5%","mean",1.07835543245977,26.954,30,1,9.942375,10,94.942375,1898.8475
"1","many2many","none","2.5%","var",5.03939494843497e-05,0.0320090277777778,0,0,0,0,0.0691666666666672,27.6666666666667
"1","many2many","none","50%","mean",1.09577616711742,27.38,30,1.00100502512563,9.99,10,95.2675,1905.35
"1","many2many","none","50%","var",0.000128433591728251,0.0799027777777777,0,4.48922445841739e-06,0.000444444444444457,0,0.195625,78.25
"1","many2many","none","97.5%","mean",1.11311459576312,27.822625,30,1.00581691400653,10,10,95.562625,1911.2525
"1","many2many","none","97.5%","var",0.000331455392190525,0.210463194444444,0,3.46967151979991e-05,0.00337430555555556,0,0.433514583333333,173.405833333333
"1","many2many","none","mean","mean",1.09532723937273,27.39405,30,1.0016030820983,9.9841,10,95.2582,1905.164
"1","many2many","none","mean","var",0.000144880166160428,0.0901775,0,8.50303998620636e-06,0.000832222222222227,0,0.215681111111111,86.2724444444444
"1","many2many","none","var","mean",8.88055139389607e-05,0.0554569166666667,0,3.02344350484051e-06,0.000296151515151516,0,0.0266563232323234,10.6625292929293
"1","many2many","none","var","var",6.12286700525763e-09,0.00232880888974623,0,1.02835803762645e-10,9.6807457288938e-07,0,0.00981733611547576,1570.77377847612
"1","many2many","opposite","2.5%","mean",1.36056837697257,16.891,30,1.06881466008769,7.0995,10,90.446875,1808.9375
"1","many2many","opposite","2.5%","var",0.000159682797966482,0.0220520833333334,0,5.94945764525405e-05,0.00300833333333335,0,0.079086805555556,31.6347222222222
"1","many2many","opposite","50%","mean",1.50560235510329,19.9325,30,1.21889018230066,8.205,10,95.2,1904
"1","many2many","opposite","50%","var",0.000591910740904417,0.0922222222222223,0,0.000231779371705703,0.0105555555555556,0,0.237527777777776,95.0111111111111
"1","many2many","opposite","97.5%","mean",1.77651620585757,22.053875,30,1.40938027090535,9.357875,10,95.5405,1910.81
"1","many2many","opposite","97.5%","var",0.00150319619299658,0.221765972222223,0,0.000891055433770281,0.0263229166666666,0,5.31578958333332,2126.31583333333
"1","many2many","opposite","mean","mean",1.5306860779961,19.71695,29.998,1.22486608891743,8.21085,10,94.78935,1895.787
"1","many2many","opposite","mean","var",0.000656286067613829,0.1034625,0.002,0.000286371127903784,0.0117769444444444,0,0.775490277777777,310.196111111111
"1","many2many","opposite","var","mean",0.0144547436315477,2.1881706540404,0.000197979797979804,0.00858355349440781,0.370561138888889,0,2.1059624520202,842.384980808081
"1","many2many","opposite","var","var",2.09417064866519e-07,0.00289960181093341,0.000197979797979798,4.96757316410208e-08,4.03780155723905e-05,0,2.29183624152598,366693.798644158
"1","many2many","same","2.5%","mean",1.26971447869598,17.57775,29.6475,1.07732378913685,7.235375,10,86.0525,1721.05
"1","many2many","same","2.5%","var",0.000165789725629095,0.0307305555555555,0,5.24398989965473e-05,0.00306180555555556,0,0.0805305555555556,32.2122222222222
"1","many2many","same","50%","mean",1.46154825451908,20.53,30,1.18743143340191,8.4225,10,95.1375,1902.75
"1","many2many","same","50%","var",0.00043754293481879,0.0831250000000001,0,0.000210144773174774,0.00979166666666665,0,0.267736111111113,107.094444444444
"1","many2many","same","97.5%","mean",1.7071814276626,23.636375,30,1.38231813213706,9.283125,10,95.48525,1909.705
"1","many2many","same","97.5%","var",0.00124204309058416,0.196797222222222,0.233333333333333,0.000734176990541278,0.0248090277777778,0,7.19683402777777,2878.73361111111
"1","many2many","same","mean","mean",1.47612769462521,20.4371,29.973,1.20456847633426,8.34705,10,94.05725,1881.145
"1","many2many","same","mean","var",0.000551905490717603,0.09464,0.013,0.000253067016297426,0.0110975,0,1.2722725,508.909
"1","many2many","same","var","mean",0.0138952814137523,2.64262382828283,0.0147181818181818,0.00839325305269555,0.349349542929293,0,5.38853503787879,2155.41401515152
"1","many2many","same","var","var",1.48790346450066e-07,0.00229982295049258,0.00266879910213244,4.28942074306069e-08,3.67337494544208e-05,0,5.73280099421211,917248.159073937
"1","one2many","all","2.5%","mean",1.85148712171455,9.191625,27.8,1.52774284147163,3.9125,9.5,71.531625,1430.6325
"1","one2many","all","2.5%","var",0.000602996118598939,0.0286381944444445,0,0.000673262548705928,0.00617152777777779,0,0.12995,51.98
"1","one2many","all","50%","mean",2.32006710037215,12.8275,29.9,1.86642802873824,5.31,10,87.6775,1753.55
"1","one2many","all","50%","var",0.00366282100709208,0.0826388888888889,0.1,0.00242124986410967,0.0159722222222222,0,5.08891666666667,2035.56666666667
"1","one2many","all","97.5%","mean",3.23708525695219,16.181125,30,2.4524207618836,6.54775,10,95.27525,1905.505
"1","one2many","all","97.5%","var",0.0144409672126726,0.208433333333333,0.677777777777778,0.0151328854982116,0.03926875,0.277777777777778,17.3673555555555,6946.94222222222
"1","one2many","all","mean","mean",2.42783870560594,12.4929,29.583,1.94559383897918,5.2358,9.958,86.5046,1730.092
"1","one2many","all","mean","var",0.00521588575050778,0.0929161111111111,0.177444444444444,0.00358981239621761,0.0183433333333333,0.0144444444444444,5.81973222222222,2327.89288888889
"1","one2many","all","var","mean",0.164343135621092,3.59826776767677,0.413546464646464,0.10040592154399,0.55256501010101,0.0376121212121212,41.8051463030303,16722.0585212121
"1","one2many","all","var","var",2.729843416003e-05,0.00235633032454171,0.285118979922684,1.37024949050656e-05,7.3379653323357e-05,0.00355780022446689,31.1402914685048,4982446.63496077
"1","one2many","none","2.5%","mean",1.03692505582659,28.677375,30,1,9.897375,10,94.967375,1899.3475
"1","one2many","none","2.5%","var",1.83896674796069e-05,0.0140659722222223,0,0,0,0,0.0810666666666669,32.4266666666667
"1","one2many","none","50%","mean",1.04155804678384,28.805,30,1.00454806978542,9.955,10,95.23,1904.6
"1","one2many","none","50%","var",6.36197089403164e-05,0.049013888888889,0,2.30352467577629e-05,0.00224999999999999,0,0.207944444444445,83.1777777777778
"1","one2many","none","97.5%","mean",1.04617199213781,28.932875,30,1.01041659772415,10,10,95.49525,1909.905
"1","one2many","none","97.5%","var",0.00014428276550359,0.109524305555556,0,6.13416975800893e-05,0.00591458333333332,0,0.494002777777778,197.601111111111
"1","one2many","none","mean","mean",1.0417050813165,28.80075,30,1.00477814930846,9.95275,10,95.23155,1904.631
"1","one2many","none","mean","var",6.87724801506454e-05,0.0523336111111111,0,2.42164966508575e-05,0.00234472222222222,0,0.236120277777778,94.4481111111111
"1","one2many","none","var","mean",6.58785075152992e-06,0.00503705808080807,0,9.35322908298343e-06,0.000908775252525254,0,0.0192564116161615,7.70256464646468
"1","one2many","none","var","var",1.17300495021501e-09,0.000662832249890885,0,3.14069971016768e-10,2.88390221661052e-06,0,0.0121987301885366,1951.79683016586
"1","one2many","opposite","2.5%","mean",1.34791183707433,16.239,30,1.14107352623801,6.25,10,88.7705,1775.41
"1","one2many","opposite","2.5%","var",0.000125526963770828,0.0259722222222223,0,0.000148267337138648,0.00571944444444444,0,0.0615687499999995,24.6275
"1","one2many","opposite","50%","mean",1.54919153697732,19.3725,30,1.31948202473436,7.58,10,95.175,1903.5
"1","one2many","opposite","50%","var",0.000636319224973655,0.0905555555555557,0,0.000440285198205228,0.013625,0,0.214416666666667,85.7666666666667
"1","one2many","opposite","97.5%","mean",1.84823655748884,22.259875,30,1.60067188953732,8.765125,10,95.4705,1909.41
"1","one2many","opposite","97.5%","var",0.00176051941973808,0.223277777777778,0,0.00140160401304266,0.0294618055555556,0,5.90974097222222,2363.89638888889
"1","one2many","opposite","mean","mean",1.55946827161764,19.39855,30,1.32810530924647,7.5932,10,94.21045,1884.209
"1","one2many","opposite","mean","var",0.000714966165607816,0.1034875,0,0.000515066503435047,0.0154411111111111,0,0.873234722222222,349.293888888889
"1","one2many","opposite","var","mean",0.0203589716942251,3.01568348232323,0,0.0152434796009763,0.458375515151515,0,4.24992126010101,1699.9685040404
"1","one2many","opposite","var","var",2.05296155975841e-07,0.00298885570792804,0,1.0390156196886e-07,4.51510362888141e-05,0,2.54446019657026,407113.631451241
"1","one2many","same","2.5%","mean",1.28993671969566,16.547,29.3475,1.14313173178747,6.295375,9.9,86.056125,1721.1225
"1","one2many","same","2.5%","var",0.000128773565935829,0.0249777777777779,0,0.000100189176264778,0.00455555555555555,0,0.0754215277777776,30.1686111111111
"1","one2many","same","50%","mean",1.47127746868107,20.375,30,1.26853282176878,7.885,10,94.895,1897.9
"1","one2many","same","50%","var",0.000479900248287868,0.0816805555555555,0,0.000361313396909253,0.0132916666666667,0,0.296958333333333,118.783333333333
"1","one2many","same","97.5%","mean",1.81320917338503,23.269625,30,1.58907935806988,8.748875,10,95.51625,1910.325
"1","one2many","same","97.5%","var",0.00179379458534178,0.196213888888889,0.250833333333333,0.00277547972007739,0.0295305555555556,0.1,10.1992638888888,4079.70555555554
"1","one2many","same","mean","mean",1.50600049954805,20.0708,29.954,1.30131424726542,7.74365,9.993,93.2189,1864.378
"1","one2many","same","mean","var",0.000597259463746579,0.0898027777777778,0.0217777777777778,0.000553301964811623,0.0140175,0.00611111111111111,2.26481111111111,905.924444444444
"1","one2many","same","var","mean",0.0218664350203969,3.40731298989899,0.0265494949494949,0.0149900636995303,0.460471138888889,0.00146565656565657,9.55620988888889,3822.48395555556
"1","one2many","same","var","var",2.54086493161057e-07,0.00224260831306896,0.00424970694600324,4.50345912727259e-07,5.09941958941265e-05,0.00103348297792742,9.7443111575321,1559089.78520514
"1","one2one","all","2.5%","mean",2.12432744288805,7.477125,27.4375,2.12432744288805,7.477125,27.4375,72.931625,1458.6325
"1","one2one","all","2.5%","var",0.00116447572298897,0.0171076388888889,0,0.00116447572298897,0.0171076388888889,0,0.0993062499999997,39.7225
"1","one2one","all","50%","mean",2.65749449024794,10.9525,29.5,2.65749449024794,10.9525,29.5,86.24,1724.8
"1","one2one","all","50%","var",0.00443600743473317,0.05125,0.233333333333333,0.00443600743473317,0.05125,0.233333333333333,5.55701388888889,2222.80555555556
"1","one2one","all","97.5%","mean",3.77820663771411,13.8525,30,3.77820663771411,13.8525,30,95.419375,1908.3875
"1","one2one","all","97.5%","var",0.0160070044524999,0.0981555555555556,0.701111111111111,0.0160070044524999,0.0981555555555556,0.701111111111111,30.8032826388889,12321.3130555555
"1","one2one","all","mean","mean",2.80338449530235,10.74865,29.317,2.80338449530235,10.74865,29.317,85.85225,1717.045
"1","one2one","all","mean","var",0.0055914850105141,0.0514825,0.251666666666667,0.0055914850105141,0.0514825,0.251666666666667,7.49873083333333,2999.49233333333
"1","one2one","all","var","mean",0.223090521680317,3.10225901767677,0.484859595959596,0.223090521680317,3.10225901767677,0.484859595959596,37.8642067550505,15145.6827020202
"1","one2one","all","var","var",1.99352859187065e-05,0.000508582782376232,0.041539780521262,1.99352859187065e-05,0.000508582782376232,0.041539780521262,73.4540481787426,11752647.7085988
"1","one2one","none","2.5%","mean",1.03758313212734,28.665,30,1.03758313212734,28.665,30,94.97425,1899.485
"1","one2one","none","2.5%","var",1.48889812066227e-05,0.0114083333333333,0,1.48889812066227e-05,0.0114083333333333,0,0.0576249999999994,23.05
"1","one2one","none","50%","mean",1.04237345293189,28.7825,30,1.04237345293189,28.7825,30,95.2625,1905.25
"1","one2one","none","50%","var",6.71136112971272e-05,0.0512361111111113,0,6.71136112971272e-05,0.0512361111111113,0,0.207847222222221,83.1388888888889
"1","one2one","none","97.5%","mean",1.04665512729153,28.91525,30,1.04665512729153,28.91525,30,95.563375,1911.2675
"1","one2one","none","97.5%","var",0.000134489214029893,0.102327777777778,0,0.000134489214029893,0.102327777777778,0,0.504247222222223,201.698888888889
"1","one2one","none","mean","mean",1.04218683882213,28.7874,30,1.04218683882213,28.7874,30,95.26515,1905.303
"1","one2one","none","mean","var",6.78947420911329e-05,0.0515894444444445,0,6.78947420911329e-05,0.0515894444444445,0,0.228926944444444,91.5707777777778
"1","one2one","none","var","mean",6.04558988066559e-06,0.00460175757575759,0,6.04558988066559e-06,0.00460175757575759,0,0.0252158863636363,10.0863545454546
"1","one2one","none","var","var",1.02105389875668e-09,0.000585349242112484,0,1.02105389875668e-09,0.000585349242112484,0,0.0148359670572235,2373.75472915576
"1","one2one","opposite","2.5%","mean",1.4426866421396,14.861125,30,1.4426866421396,14.861125,30,91.2795,1825.59
"1","one2one","opposite","2.5%","var",0.000154633411192297,0.0182395833333334,0,0.000154633411192297,0.0182395833333334,0,0.0716520833333337,28.6608333333333
"1","one2one","opposite","50%","mean",1.69189594864441,17.735,30,1.69189594864441,17.735,30,95.2225,1904.45
"1","one2one","opposite","50%","var",0.000538090716657979,0.059472222222222,0,0.000538090716657979,0.059472222222222,0,0.253638888888887,101.455555555556
"1","one2one","opposite","97.5%","mean",2.01915799901341,20.80175,30,2.01915799901341,20.80175,30,95.495,1909.9
"1","one2one","opposite","97.5%","var",0.00122888529375144,0.130038194444445,0,0.00122888529375144,0.130038194444445,0,5.95421875,2381.6875
"1","one2one","opposite","mean","mean",1.69967082133198,17.8078,29.992,1.69967082133198,17.8078,29.992,94.86785,1897.357
"1","one2one","opposite","mean","var",0.000608707085711482,0.0639883333333333,0.00333333333333333,0.000608707085711482,0.0639883333333333,0.00333333333333333,0.7545225,301.809
"1","one2one","opposite","var","mean",0.0266085921502756,2.83411581818182,0.00498585858585858,0.0266085921502756,2.83411581818182,0.00498585858585858,1.90932689646465,763.730758585859
"1","one2one","opposite","var","var",1.17847292796677e-07,0.000868778840566155,0.00063973063973064,1.17847292796677e-07,0.000868778840566155,0.00063973063973064,2.35249298365904,376398.877385447
"1","one2one","same","2.5%","mean",1.38615629829446,14.282375,29,1.38615629829446,14.282375,29,87.600625,1752.0125
"1","one2one","same","2.5%","var",0.000153785790782759,0.0215444444444443,0,0.000153785790782759,0.0215444444444443,0,0.082404861111111,32.9619444444444
"1","one2one","same","50%","mean",1.59896881224744,18.765,30,1.59896881224744,18.765,30,95.055,1901.1
"1","one2one","same","50%","var",0.000560856781346746,0.0588888888888891,0,0.000560856781346746,0.0588888888888891,0,0.274402777777779,109.761111111111
"1","one2one","same","97.5%","mean",2.09370178291863,21.533,30,2.09370178291863,21.533,30,95.41525,1908.305
"1","one2one","same","97.5%","var",0.00239874235365836,0.151445138888889,0.266666666666667,0.00239874235365836,0.151445138888889,0.266666666666667,7.54941388888888,3019.76555555556
"1","one2one","same","mean","mean",1.63002318969841,18.515,29.872,1.63002318969841,18.515,29.872,93.60995,1872.199
"1","one2one","same","mean","var",0.000704819422813647,0.0674805555555556,0.0437777777777778,0.000704819422813647,0.0674805555555556,0.0437777777777778,1.6153325,646.133
"1","one2one","same","var","mean",0.0289859319496548,3.31501262626263,0.0769858585858586,0.0289859319496548,3.31501262626263,0.0769858585858586,6.81242853282828,2724.97141313131
"1","one2one","same","var","var",3.10897764499487e-07,0.00128956264029181,0.007040329218107,3.10897764499487e-07,0.00128956264029181,0.007040329218107,6.11910923519851,979057.477631762
