"o","topo","envfilt","stat","summary","env","measure","cor_a","cor_b"
"0","many2many","all","2.5%","mean",1,"jaccard",0.338553939669295,-0.0390436827995849
"0","many2many","all","50%","mean",1,"jaccard",0.595986198752658,0.362152391350966
"0","many2many","all","97.5%","mean",1,"jaccard",0.802013748177599,0.741638541501707
"0","many2many","all","mean","mean",1,"jaccard",0.59120031535857,0.355881600438301
"0","many2many","all","var","mean",1,"jaccard",0.0147100257609164,0.0507043652584663
"0","many2many","all","2.5%","var",1,"jaccard",0.000260729136331807,0.000144934465107486
"0","many2many","all","50%","var",1,"jaccard",0.000989315933341177,0.00236430861290171
"0","many2many","all","97.5%","var",1,"jaccard",0.0030856530051732,0.0223593156997731
"0","many2many","all","mean","var",1,"jaccard",0.00117384711247749,0.00498948283705949
"0","many2many","all","var","var",1,"jaccard",8.95221381460607e-07,3.66070321336526e-05
"0","many2many","all","2.5%","mean",1,"N",-0.399023194764416,-0.399023194764416
"0","many2many","all","50%","mean",1,"N",0.00328687881545521,0.00328687881545521
"0","many2many","all","97.5%","mean",1,"N",0.150826842423904,0.150826842423904
"0","many2many","all","mean","mean",1,"N",-0.0203395003906945,-0.0203395003906945
"0","many2many","all","var","mean",1,"N",0.017549506274227,0.017549506274227
"0","many2many","all","2.5%","var",1,"N",0.00350271262485059,0.00350271262485059
"0","many2many","all","50%","var",1,"N",0.049924684077502,0.049924684077502
"0","many2many","all","97.5%","var",1,"N",0.111014977859566,0.111014977859566
"0","many2many","all","mean","var",1,"N",0.0531443752546213,0.0531443752546213
"0","many2many","all","var","var",1,"N",0.000693219160560877,0.000693219160560877
"0","many2many","all","2.5%","mean",1,"rda",0.131794945685082,0.0415921076058558
"0","many2many","all","50%","mean",1,"rda",0.203516318364532,0.161816467651432
"0","many2many","all","97.5%","mean",1,"rda",0.307262281213499,0.355858574208263
"0","many2many","all","mean","mean",1,"rda",0.209846580382444,0.175671146825866
"0","many2many","all","var","mean",1,"rda",0.00199239239796378,0.00744593622132464
"0","many2many","all","2.5%","var",1,"rda",8.5440649895435e-05,0.000157741277813628
"0","many2many","all","50%","var",1,"rda",0.000319152506890425,0.00172811042848911
"0","many2many","all","97.5%","var",1,"rda",0.00102475856836097,0.00793929710799546
"0","many2many","all","mean","var",1,"rda",0.000372183926096588,0.00235089026936625
"0","many2many","all","var","var",1,"rda",5.98264978589311e-08,4.29614605649966e-06
"0","many2many","all","2.5%","mean",1,"S",-0.49011146530468,-0.605580312489878
"0","many2many","all","50%","mean",1,"S",-0.00722786141353358,-0.0331859019481851
"0","many2many","all","97.5%","mean",1,"S",0.568045254102641,0.665433204871231
"0","many2many","all","mean","mean",1,"S",-0.000753077485696495,-0.0197787037799061
"0","many2many","all","var","mean",1,"S",0.0853765605308801,0.136223496137339
"0","many2many","all","2.5%","var",1,"S",0.000355393892237723,0.00075095411490832
"0","many2many","all","50%","var",1,"S",0.0016333822544712,0.00708410270014381
"0","many2many","all","97.5%","var",1,"S",0.00619224271572798,0.0484507414640521
"0","many2many","all","mean","var",1,"S",0.00204034097088387,0.0119283066215194
"0","many2many","all","var","var",1,"S",2.20573216063743e-06,0.000169837211598674
"0","many2many","all","2.5%","mean",2,"jaccard",0.316825145207524,-0.0228698126343354
"0","many2many","all","50%","mean",2,"jaccard",0.605877846956655,0.374868959935324
"0","many2many","all","97.5%","mean",2,"jaccard",0.800654900571064,0.789763395142128
"0","many2many","all","mean","mean",2,"jaccard",0.586137912583008,0.356726541353006
"0","many2many","all","var","mean",2,"jaccard",0.0191863446467699,0.048990867904025
"0","many2many","all","2.5%","var",2,"jaccard",0.000354014380682199,0.000302044888733431
"0","many2many","all","50%","var",2,"jaccard",0.00100175099183865,0.00254666899406155
"0","many2many","all","97.5%","var",2,"jaccard",0.00344722760385898,0.0263955796020992
"0","many2many","all","mean","var",2,"jaccard",0.00120899091244418,0.00534604282741079
"0","many2many","all","var","var",2,"jaccard",8.38554668621153e-07,7.20099307075927e-05
"0","many2many","all","2.5%","mean",2,"N",-0.191004384707478,-0.191004384707478
"0","many2many","all","50%","mean",2,"N",-0.0130332895792096,-0.0130332895792096
"0","many2many","all","97.5%","mean",2,"N",0.242215157555065,0.242215157555065
"0","many2many","all","mean","mean",2,"N",-0.00156733758236206,-0.00156733758236206
"0","many2many","all","var","mean",2,"N",0.0135698119513939,0.0135698119513939
"0","many2many","all","2.5%","var",2,"N",0.00752100775379263,0.00752100775379263
"0","many2many","all","50%","var",2,"N",0.0505410370011181,0.0505410370011181
"0","many2many","all","97.5%","var",2,"N",0.117958256914298,0.117958256914298
"0","many2many","all","mean","var",2,"N",0.0535837081783417,0.0535837081783417
"0","many2many","all","var","var",2,"N",0.000663799029543339,0.000663799029543339
"0","many2many","all","2.5%","mean",2,"rda",0.130367788940107,0.0433559378297584
"0","many2many","all","50%","mean",2,"rda",0.208365260608531,0.173252365584099
"0","many2many","all","97.5%","mean",2,"rda",0.30505372621468,0.424807171313087
"0","many2many","all","mean","mean",2,"rda",0.210585705796462,0.183218081154441
"0","many2many","all","var","mean",2,"rda",0.00206713333149785,0.0101014723630201
"0","many2many","all","2.5%","var",2,"rda",9.18159119925744e-05,0.000135400715180432
"0","many2many","all","50%","var",2,"rda",0.000310123365261643,0.00159066610661332
"0","many2many","all","97.5%","var",2,"rda",0.000767490753882888,0.00836942219536335
"0","many2many","all","mean","var",2,"rda",0.000353373560779487,0.00243862446671914
"0","many2many","all","var","var",2,"rda",4.13717144263847e-08,7.08515316719064e-06
"0","many2many","all","2.5%","mean",2,"S",-0.591865393159552,-0.644739839690369
"0","many2many","all","50%","mean",2,"S",0.0211086224160662,-0.0658529324355195
"0","many2many","all","97.5%","mean",2,"S",0.686307265045516,0.779287161617484
"0","many2many","all","mean","mean",2,"S",0.0445593249674175,0.0196164929192674
"0","many2many","all","var","mean",2,"S",0.111154185003475,0.156505297808144
"0","many2many","all","2.5%","var",2,"S",0.000447163468105291,0.000724289871477648
"0","many2many","all","50%","var",2,"S",0.00152853844354723,0.00607119645583341
"0","many2many","all","97.5%","var",2,"S",0.0052602891048583,0.0453011663194758
"0","many2many","all","mean","var",2,"S",0.00195661016568376,0.0113413956823106
"0","many2many","all","var","var",2,"S",1.84011179692423e-06,0.000154619332637497
"0","many2many","none","2.5%","mean",1,"jaccard",-0.0631822891927882,-0.0215969977230364
"0","many2many","none","50%","mean",1,"jaccard",0.00671213934477075,0.00215688360540605
"0","many2many","none","97.5%","mean",1,"jaccard",0.0752395063736954,0.088760625279886
"0","many2many","none","mean","mean",1,"jaccard",0.00408756319039309,0.024209466182963
"0","many2many","none","var","mean",1,"jaccard",0.00145504515258325,0.0037383674801553
"0","many2many","none","2.5%","var",1,"jaccard",0.00480498420026685,0.00941993405370052
"0","many2many","none","50%","var",1,"jaccard",0.0140063117918594,0.0127563722542759
"0","many2many","none","97.5%","var",1,"jaccard",0.0394659123250446,0.0415682720963646
"0","many2many","none","mean","var",1,"jaccard",0.0160129629122761,0.0216951307249823
"0","many2many","none","var","var",1,"jaccard",7.54400531335166e-05,0.000346218472997639
"0","many2many","none","2.5%","mean",1,"N",-0.130007437603097,-0.130007437603097
"0","many2many","none","50%","mean",1,"N",0.0106166996421926,0.0106166996421926
"0","many2many","none","97.5%","mean",1,"N",0.124722180693998,0.124722180693998
"0","many2many","none","mean","mean",1,"N",0.00372537997889478,0.00372537997889478
"0","many2many","none","var","mean",1,"N",0.00506912237895619,0.00506912237895619
"0","many2many","none","2.5%","var",1,"N",0.0197864378930575,0.0197864378930575
"0","many2many","none","50%","var",1,"N",0.0479851143310102,0.0479851143310102
"0","many2many","none","97.5%","var",1,"N",0.111445179616149,0.111445179616149
"0","many2many","none","mean","var",1,"N",0.0512206362638927,0.0512206362638927
"0","many2many","none","var","var",1,"N",0.000506515570836807,0.000506515570836807
"0","many2many","none","2.5%","mean",1,"rda",0.0390307879712944,0.0609333759283411
"0","many2many","none","50%","mean",1,"rda",0.052101982001995,0.0621134204567964
"0","many2many","none","97.5%","mean",1,"rda",0.0637739057393803,0.101202261239082
"0","many2many","none","mean","mean",1,"rda",0.0522388632601862,0.0754147524756841
"0","many2many","none","var","mean",1,"rda",3.17363785259218e-05,0.000581886076262522
"0","many2many","none","2.5%","var",1,"rda",8.97534486568211e-05,0.00458225559394706
"0","many2many","none","50%","var",1,"rda",0.000319746605828569,0.00798601531670653
"0","many2many","none","97.5%","var",1,"rda",0.000820011663223242,0.0156700194187387
"0","many2many","none","mean","var",1,"rda",0.000345323741815958,0.00948785544978467
"0","many2many","none","var","var",1,"rda",3.01738848373828e-08,3.574663082635e-05
"0","many2many","none","2.5%","mean",1,"S",-0.146736208672128,-0.0534508630678128
"0","many2many","none","50%","mean",1,"S",-0.00735925443502283,0.0249425417952929
"0","many2many","none","97.5%","mean",1,"S",0.151757633948388,0.0506184425137862
"0","many2many","none","mean","mean",1,"S",-0.00171548506854621,0.00644517191999029
"0","many2many","none","var","mean",1,"S",0.00750038947456767,0.00325673096361458
"0","many2many","none","2.5%","var",1,"S",0.0181024978758278,0.0612645851593567
"0","many2many","none","50%","var",1,"S",0.0492092919850817,0.0756522595392426
"0","many2many","none","97.5%","var",1,"S",0.0990195615048484,0.109927915805888
"0","many2many","none","mean","var",1,"S",0.052003021230432,0.0826304987977546
"0","many2many","none","var","var",1,"S",0.000525570001390802,0.000692510717670259
"0","many2many","none","2.5%","mean",2,"jaccard",-0.0715760742247548,-0.0385663925868816
"0","many2many","none","50%","mean",2,"jaccard",-0.00281110465758903,0.0385032367998054
"0","many2many","none","97.5%","mean",2,"jaccard",0.0927284259080629,0.065154019397558
"0","many2many","none","mean","mean",2,"jaccard",-0.00152749768035258,0.0208124133650916
"0","many2many","none","var","mean",2,"jaccard",0.00183532520635933,0.00321475823621345
"0","many2many","none","2.5%","var",2,"jaccard",0.00629925525405243,0.00931513674728268
"0","many2many","none","50%","var",2,"jaccard",0.0156337736499564,0.0203981281654704
"0","many2many","none","97.5%","var",2,"jaccard",0.038612315836499,0.0215359948417097
"0","many2many","none","mean","var",2,"jaccard",0.0171165877266063,0.0169086107121552
"0","many2many","none","var","var",2,"jaccard",7.41384505283439e-05,5.05035663735257e-05
"0","many2many","none","2.5%","mean",2,"N",-0.127237715820672,-0.127237715820672
"0","many2many","none","50%","mean",2,"N",-0.00599407511606062,-0.00599407511606062
"0","many2many","none","97.5%","mean",2,"N",0.130388123915781,0.130388123915781
"0","many2many","none","mean","mean",2,"N",-0.00235363202015249,-0.00235363202015249
"0","many2many","none","var","mean",2,"N",0.00462832194140204,0.00462832194140204
"0","many2many","none","2.5%","var",2,"N",0.0174980515485414,0.0174980515485414
"0","many2many","none","50%","var",2,"N",0.0449741819483584,0.0449741819483584
"0","many2many","none","97.5%","var",2,"N",0.0958867717139819,0.0958867717139819
"0","many2many","none","mean","var",2,"N",0.0488122075167757,0.0488122075167757
"0","many2many","none","var","var",2,"N",0.000527027353881472,0.000527027353881472
"0","many2many","none","2.5%","mean",2,"rda",0.041361149637717,0.0391115400457043
"0","many2many","none","50%","mean",2,"rda",0.0519770263754042,0.0599253198197374
"0","many2many","none","97.5%","mean",2,"rda",0.0641107120046332,0.0863659696524389
"0","many2many","none","mean","mean",2,"rda",0.0522746724679126,0.0618996601912
"0","many2many","none","var","mean",2,"rda",3.43035392721556e-05,0.000621477841092395
"0","many2many","none","2.5%","var",2,"rda",0.00010268887166856,0.00111873294238806
"0","many2many","none","50%","var",2,"rda",0.000305855711822801,0.00317943733503868
"0","many2many","none","97.5%","var",2,"rda",0.000753457001428013,0.00797179247866944
"0","many2many","none","mean","var",2,"rda",0.000355075628911978,0.00413791128275101
"0","many2many","none","var","var",2,"rda",4.96762225532142e-08,1.36985402445782e-05
"0","many2many","none","2.5%","mean",2,"S",-0.161009350517917,-0.0790119088151721
"0","many2many","none","50%","mean",2,"S",0.00497852810316522,-0.0583593115296064
"0","many2many","none","97.5%","mean",2,"S",0.120187999809207,0.0132256326152512
"0","many2many","none","mean","mean",2,"S",0.00245419460080441,-0.0404883126316092
"0","many2many","none","var","mean",2,"S",0.00499230592111055,0.00259625079445821
"0","many2many","none","2.5%","var",2,"S",0.0203461112974123,0.0427816621691743
"0","many2many","none","50%","var",2,"S",0.0480051487766947,0.059167872871078
"0","many2many","none","97.5%","var",2,"S",0.101960003902092,0.111141102305494
"0","many2many","none","mean","var",2,"S",0.0521738279852479,0.0716545461105559
"0","many2many","none","var","var",2,"S",0.000563648074072755,0.00141140120678866
"0","many2many","opposite","2.5%","mean",1,"jaccard",-0.151577720336338,-0.161491876581917
"0","many2many","opposite","50%","mean",1,"jaccard",-0.0263596438134199,-0.0488188206118195
"0","many2many","opposite","97.5%","mean",1,"jaccard",0.243171017619325,0.215914260026497
"0","many2many","opposite","mean","mean",1,"jaccard",-0.00490611972065784,-0.0249845168620947
"0","many2many","opposite","var","mean",1,"jaccard",0.0123588548766922,0.00997623265956215
"0","many2many","opposite","2.5%","var",1,"jaccard",0.000314559995305067,4.80725782562796e-05
"0","many2many","opposite","50%","var",1,"jaccard",0.00135414652413923,0.00185992094573023
"0","many2many","opposite","97.5%","var",1,"jaccard",0.00377953811669453,0.0203395562308097
"0","many2many","opposite","mean","var",1,"jaccard",0.0016105350092224,0.0050381963431433
"0","many2many","opposite","var","var",1,"jaccard",1.20752269091529e-06,6.560950405184e-05
"0","many2many","opposite","2.5%","mean",1,"N",-0.114110641278586,-0.114110641278586
"0","many2many","opposite","50%","mean",1,"N",-0.00383031789392906,-0.00383031789392906
"0","many2many","opposite","97.5%","mean",1,"N",0.138601201059654,0.138601201059654
"0","many2many","opposite","mean","mean",1,"N",0.00231180354725595,0.00231180354725595
"0","many2many","opposite","var","mean",1,"N",0.00529529704096175,0.00529529704096175
"0","many2many","opposite","2.5%","var",1,"N",0.0220002160251631,0.0220002160251631
"0","many2many","opposite","50%","var",1,"N",0.0544449129128806,0.0544449129128806
"0","many2many","opposite","97.5%","var",1,"N",0.0968637048329259,0.0968637048329259
"0","many2many","opposite","mean","var",1,"N",0.0541468613118371,0.0541468613118371
"0","many2many","opposite","var","var",1,"N",0.00046184436202184,0.00046184436202184
"0","many2many","opposite","2.5%","mean",1,"rda",0.0249042211821079,0.00656522806484008
"0","many2many","opposite","50%","mean",1,"rda",0.0444160427486478,0.0338166553281455
"0","many2many","opposite","97.5%","mean",1,"rda",0.10355821996585,0.130951003860357
"0","many2many","opposite","mean","mean",1,"rda",0.0516668216491957,0.0446434365092065
"0","many2many","opposite","var","mean",1,"rda",0.000515840541927741,0.00115835986346272
"0","many2many","opposite","2.5%","var",1,"rda",3.00962181464477e-05,2.33772932631921e-05
"0","many2many","opposite","50%","var",1,"rda",9.72986534378538e-05,0.000430586876448326
"0","many2many","opposite","97.5%","var",1,"rda",0.000353613115472179,0.00659500055001647
"0","many2many","opposite","mean","var",1,"rda",0.000123651388102227,0.00105708042818014
"0","many2many","opposite","var","var",1,"rda",7.45998693723112e-09,3.48742975793982e-06
"0","many2many","opposite","2.5%","mean",1,"S",-0.387322174508133,-0.288102264542166
"0","many2many","opposite","50%","mean",1,"S",-0.0376020418224906,0.0108201451362179
"0","many2many","opposite","97.5%","mean",1,"S",0.449545544912385,0.394682358905811
"0","many2many","opposite","mean","mean",1,"S",-0.00498617333473746,0.03109598688213
"0","many2many","opposite","var","mean",1,"S",0.0531595270104281,0.0318587860844559
"0","many2many","opposite","2.5%","var",1,"S",0.00131417600483854,0.000448100848042722
"0","many2many","opposite","50%","var",1,"S",0.0037822620988107,0.00725462307963218
"0","many2many","opposite","97.5%","var",1,"S",0.0143800311407179,0.0412651911785196
"0","many2many","opposite","mean","var",1,"S",0.00479902995595735,0.0119301180168659
"0","many2many","opposite","var","var",1,"S",1.14462180755974e-05,0.00015441557353294
"0","many2many","opposite","2.5%","mean",2,"jaccard",0.788452663400698,0.0964557707001078
"0","many2many","opposite","50%","mean",2,"jaccard",0.885753066735743,0.496903976450425
"0","many2many","opposite","97.5%","mean",2,"jaccard",0.930433228455159,0.72373725061421
"0","many2many","opposite","mean","mean",2,"jaccard",0.877278788512545,0.493653445112816
"0","many2many","opposite","var","mean",2,"jaccard",0.00147891269036787,0.0293470289135077
"0","many2many","opposite","2.5%","var",2,"jaccard",8.4378529669425e-05,0.000142022251521967
"0","many2many","opposite","50%","var",2,"jaccard",0.000309270439001484,0.00450447504194837
"0","many2many","opposite","97.5%","var",2,"jaccard",0.00131053859090859,0.0274947206716005
"0","many2many","opposite","mean","var",2,"jaccard",0.000463115834398784,0.00690895959437756
"0","many2many","opposite","var","var",2,"jaccard",1.78123360599094e-07,6.40040812869426e-05
"0","many2many","opposite","2.5%","mean",2,"N",-0.142570487638964,-0.142570487638964
"0","many2many","opposite","50%","mean",2,"N",-0.000394441797902621,-0.000394441797902621
"0","many2many","opposite","97.5%","mean",2,"N",0.140961320169669,0.140961320169669
"0","many2many","opposite","mean","mean",2,"N",0.00551084639819223,0.00551084639819223
"0","many2many","opposite","var","mean",2,"N",0.00480087334117295,0.00480087334117295
"0","many2many","opposite","2.5%","var",2,"N",0.0182631567707905,0.0182631567707905
"0","many2many","opposite","50%","var",2,"N",0.0484524460811442,0.0484524460811442
"0","many2many","opposite","97.5%","var",2,"N",0.117470535594217,0.117470535594217
"0","many2many","opposite","mean","var",2,"N",0.0527441107104318,0.0527441107104318
"0","many2many","opposite","var","var",2,"N",0.000634999282937779,0.000634999282937779
"0","many2many","opposite","2.5%","mean",2,"rda",0.254562151570782,0.103691326713086
"0","many2many","opposite","50%","mean",2,"rda",0.342483001696116,0.314778382616655
"0","many2many","opposite","97.5%","mean",2,"rda",0.459210397020897,0.483037134534071
"0","many2many","opposite","mean","mean",2,"rda",0.346965669697142,0.303492140752013
"0","many2many","opposite","var","mean",2,"rda",0.00292606331365065,0.0134862170106013
"0","many2many","opposite","2.5%","var",2,"rda",0.000224835719613098,0.000456979561862046
"0","many2many","opposite","50%","var",2,"rda",0.000606604324185175,0.00429946561329649
"0","many2many","opposite","97.5%","var",2,"rda",0.00148046217180373,0.0166953542181264
"0","many2many","opposite","mean","var",2,"rda",0.000671464429736493,0.00540652868356908
"0","many2many","opposite","var","var",2,"rda",1.25320636690468e-07,2.09188558399624e-05
"0","many2many","opposite","2.5%","mean",2,"S",-0.71188177910645,-0.737620602951839
"0","many2many","opposite","50%","mean",2,"S",0.0379181420508982,-0.0331215321346719
"0","many2many","opposite","97.5%","mean",2,"S",0.782203264505961,0.690059983134629
"0","many2many","opposite","mean","mean",2,"S",0.0247634401754579,0.00687300626265476
"0","many2many","opposite","var","mean",2,"S",0.147842052212816,0.264355603068276
"0","many2many","opposite","2.5%","var",2,"S",0.000614715900633621,0.000502485446552705
"0","many2many","opposite","50%","var",2,"S",0.00258823204335482,0.0109457120382028
"0","many2many","opposite","97.5%","var",2,"S",0.0120297608374756,0.102471361069795
"0","many2many","opposite","mean","var",2,"S",0.00363545211980001,0.0242990701688664
"0","many2many","opposite","var","var",2,"S",9.44975841510452e-06,0.00106570504402454
"0","many2many","same","2.5%","mean",1,"jaccard",-0.205638869809126,-0.160498033985606
"0","many2many","same","50%","mean",1,"jaccard",0.0160277444513021,-0.0328463444823293
"0","many2many","same","97.5%","mean",1,"jaccard",0.300634825113209,0.224394069463208
"0","many2many","same","mean","mean",1,"jaccard",0.0220554104361969,-0.00683151827355595
"0","many2many","same","var","mean",1,"jaccard",0.0166063240080538,0.0137472010690186
"0","many2many","same","2.5%","var",1,"jaccard",0.000344341853939202,0.000139979804668679
"0","many2many","same","50%","var",1,"jaccard",0.00117393986795692,0.00258793943622112
"0","many2many","same","97.5%","var",1,"jaccard",0.00389757811669131,0.0220036038647115
"0","many2many","same","mean","var",1,"jaccard",0.00151143924998587,0.00597008619669778
"0","many2many","same","var","var",1,"jaccard",1.07181639176607e-06,9.65030157946337e-05
"0","many2many","same","2.5%","mean",1,"N",-0.132909492104619,-0.132909492104619
"0","many2many","same","50%","mean",1,"N",0.0083248674007313,0.0083248674007313
"0","many2many","same","97.5%","mean",1,"N",0.180855795012586,0.180855795012586
"0","many2many","same","mean","mean",1,"N",0.00609683922364335,0.00609683922364335
"0","many2many","same","var","mean",1,"N",0.00546639479667704,0.00546639479667704
"0","many2many","same","2.5%","var",1,"N",0.0136378949292004,0.0136378949292004
"0","many2many","same","50%","var",1,"N",0.0483141277002728,0.0483141277002728
"0","many2many","same","97.5%","var",1,"N",0.116933534768443,0.116933534768443
"0","many2many","same","mean","var",1,"N",0.0534756200500687,0.0534756200500687
"0","many2many","same","var","var",1,"N",0.000771342247126521,0.000771342247126521
"0","many2many","same","2.5%","mean",1,"rda",0.0254852557697591,0.00347317692908927
"0","many2many","same","50%","mean",1,"rda",0.0464887386784606,0.0377695867177213
"0","many2many","same","97.5%","mean",1,"rda",0.121780722874365,0.116194114899936
"0","many2many","same","mean","mean",1,"rda",0.0540839947164283,0.0451243061918841
"0","many2many","same","var","mean",1,"rda",0.000695928284393253,0.00125320090256218
"0","many2many","same","2.5%","var",1,"rda",3.40757953147208e-05,8.82949599460824e-06
"0","many2many","same","50%","var",1,"rda",9.95600580207644e-05,0.000426611461271644
"0","many2many","same","97.5%","var",1,"rda",0.000417410078051831,0.00470560316033124
"0","many2many","same","mean","var",1,"rda",0.000130731304106899,0.00101239281326311
"0","many2many","same","var","var",1,"rda",8.84790226050959e-09,1.67015182816119e-06
"0","many2many","same","2.5%","mean",1,"S",-0.455067994734361,-0.261659540425301
"0","many2many","same","50%","mean",1,"S",0.0303027045373978,0.0643699618903937
"0","many2many","same","97.5%","mean",1,"S",0.322463672014087,0.339298265099626
"0","many2many","same","mean","mean",1,"S",0.00554346916037721,0.0649466795865373
"0","many2many","same","var","mean",1,"S",0.0441494690751873,0.0269839408816634
"0","many2many","same","2.5%","var",1,"S",0.000893053484772666,0.000260921458553721
"0","many2many","same","50%","var",1,"S",0.00438857793178811,0.0114089358347553
"0","many2many","same","97.5%","var",1,"S",0.0113890169423843,0.0422278174636999
"0","many2many","same","mean","var",1,"S",0.00499227467698163,0.0147719484448526
"0","many2many","same","var","var",1,"S",9.48551886812599e-06,0.000260082809345162
"0","many2many","same","2.5%","mean",2,"jaccard",0.818847529350799,0.221022166916138
"0","many2many","same","50%","mean",2,"jaccard",0.883435825009153,0.489276337240832
"0","many2many","same","97.5%","mean",2,"jaccard",0.934671066805783,0.731218635832339
"0","many2many","same","mean","mean",2,"jaccard",0.879497937395388,0.483204615700204
"0","many2many","same","var","mean",2,"jaccard",0.00132535382119158,0.0232115958316941
"0","many2many","same","2.5%","var",2,"jaccard",6.20422138780811e-05,0.000344445457283026
"0","many2many","same","50%","var",2,"jaccard",0.000339918085252895,0.00571310981149434
"0","many2many","same","97.5%","var",2,"jaccard",0.00191547296822105,0.019664892406643
"0","many2many","same","mean","var",2,"jaccard",0.00051266349058591,0.00750004860943842
"0","many2many","same","var","var",2,"jaccard",3.90118294758175e-07,9.32020639554476e-05
"0","many2many","same","2.5%","mean",2,"N",-0.145111514995417,-0.145111514995417
"0","many2many","same","50%","mean",2,"N",0.010975622851442,0.010975622851442
"0","many2many","same","97.5%","mean",2,"N",0.164452065771314,0.164452065771314
"0","many2many","same","mean","mean",2,"N",0.00675045290519921,0.00675045290519921
"0","many2many","same","var","mean",2,"N",0.0107163933993733,0.0107163933993733
"0","many2many","same","2.5%","var",2,"N",0.0132048176510916,0.0132048176510916
"0","many2many","same","50%","var",2,"N",0.0488449985293711,0.0488449985293711
"0","many2many","same","97.5%","var",2,"N",0.100572386346629,0.100572386346629
"0","many2many","same","mean","var",2,"N",0.0504049385748421,0.0504049385748421
"0","many2many","same","var","var",2,"N",0.00053670631853544,0.00053670631853544
"0","many2many","same","2.5%","mean",2,"rda",0.219351033512992,0.0825854473663235
"0","many2many","same","50%","mean",2,"rda",0.334549652321432,0.27584162434965
"0","many2many","same","97.5%","mean",2,"rda",0.450687950091513,0.464233532279531
"0","many2many","same","mean","mean",2,"rda",0.343664968217632,0.283208503508462
"0","many2many","same","var","mean",2,"rda",0.00336782724714766,0.00899193656754469
"0","many2many","same","2.5%","var",2,"rda",0.000161942221798453,0.000536813184756161
"0","many2many","same","50%","var",2,"rda",0.000614727752076385,0.00403149312629787
"0","many2many","same","97.5%","var",2,"rda",0.00181965173619001,0.0212637750945288
"0","many2many","same","mean","var",2,"rda",0.000721783668550658,0.00647759498068494
"0","many2many","same","var","var",2,"rda",1.65031565193886e-07,5.56967399145546e-05
"0","many2many","same","2.5%","mean",2,"S",-0.733004935854568,-0.6678604216774
"0","many2many","same","50%","mean",2,"S",-0.0656550470723248,-0.0222110402937127
"0","many2many","same","97.5%","mean",2,"S",0.754232331759429,0.728957177752023
"0","many2many","same","mean","mean",2,"S",-0.0250216589696264,0.0238188761886363
"0","many2many","same","var","mean",2,"S",0.159829008540131,0.252797212791332
"0","many2many","same","2.5%","var",2,"S",0.000536270758038986,0.000404931912430391
"0","many2many","same","50%","var",2,"S",0.00266218215476741,0.0141030057657059
"0","many2many","same","97.5%","var",2,"S",0.00979869166929052,0.114198345559619
"0","many2many","same","mean","var",2,"S",0.00348981832051532,0.024177657224581
"0","many2many","same","var","var",2,"S",1.14509414822476e-05,0.0010623531909062
"0","one2many","all","2.5%","mean",1,"jaccard",0.329503013749631,0.0530164283577968
"0","one2many","all","50%","mean",1,"jaccard",0.585554054147979,0.393778317666868
"0","one2many","all","97.5%","mean",1,"jaccard",0.786643471053796,0.741521414850433
"0","one2many","all","mean","mean",1,"jaccard",0.574565433603731,0.398453011933005
"0","one2many","all","var","mean",1,"jaccard",0.0154904682181216,0.0342937722922529
"0","one2many","all","2.5%","var",1,"jaccard",0.000234958926799133,0.000481513657626577
"0","one2many","all","50%","var",1,"jaccard",0.000990692895717646,0.0024863597390737
"0","one2many","all","97.5%","var",1,"jaccard",0.0025327309127885,0.0148112374514294
"0","one2many","all","mean","var",1,"jaccard",0.00112326703981071,0.00390768840365107
"0","one2many","all","var","var",1,"jaccard",3.98442303798557e-07,1.94409943885983e-05
"0","one2many","all","2.5%","mean",1,"N",-0.408016751953729,-0.408016751953729
"0","one2many","all","50%","mean",1,"N",-0.0109792044323031,-0.0109792044323031
"0","one2many","all","97.5%","mean",1,"N",0.271424512591466,0.271424512591466
"0","one2many","all","mean","mean",1,"N",-0.0146658255721593,-0.0146658255721593
"0","one2many","all","var","mean",1,"N",0.0206432703999857,0.0206432703999857
"0","one2many","all","2.5%","var",1,"N",0.0119010050923708,0.0119010050923708
"0","one2many","all","50%","var",1,"N",0.0495301068952935,0.0495301068952935
"0","one2many","all","97.5%","var",1,"N",0.120741193191146,0.120741193191146
"0","one2many","all","mean","var",1,"N",0.0534014656844975,0.0534014656844975
"0","one2many","all","var","var",1,"N",0.000805286959719381,0.000805286959719381
"0","one2many","all","2.5%","mean",1,"rda",0.125514403650483,0.0647447555952916
"0","one2many","all","50%","mean",1,"rda",0.217726809579335,0.184116138733102
"0","one2many","all","97.5%","mean",1,"rda",0.324564436429309,0.322488617290609
"0","one2many","all","mean","mean",1,"rda",0.219787355521663,0.182956823352201
"0","one2many","all","var","mean",1,"rda",0.00274295127934482,0.00456713811050415
"0","one2many","all","2.5%","var",1,"rda",8.32921953580617e-05,0.000193902841007785
"0","one2many","all","50%","var",1,"rda",0.000285840139009581,0.000994134627612056
"0","one2many","all","97.5%","var",1,"rda",0.000689807363660601,0.00379559165979333
"0","one2many","all","mean","var",1,"rda",0.000318001440211347,0.00133280263476621
"0","one2many","all","var","var",1,"rda",2.76537227792794e-08,1.02543619355943e-06
"0","one2many","all","2.5%","mean",1,"S",-0.572551211830553,-0.652183527608484
"0","one2many","all","50%","mean",1,"S",-0.054675360150702,-0.0860652813312195
"0","one2many","all","97.5%","mean",1,"S",0.48458546074025,0.578599926112953
"0","one2many","all","mean","mean",1,"S",-0.0288183073477779,-0.048162158245646
"0","one2many","all","var","mean",1,"S",0.0834052801710539,0.10781081011236
"0","one2many","all","2.5%","var",1,"S",0.000444375774974386,0.00099024631943208
"0","one2many","all","50%","var",1,"S",0.00143224948860399,0.00458352782462724
"0","one2many","all","97.5%","var",1,"S",0.0055396156310341,0.0270403406926765
"0","one2many","all","mean","var",1,"S",0.00186276764008443,0.00835409471653753
"0","one2many","all","var","var",1,"S",2.03592056288581e-06,0.000137781146240422
"0","one2many","all","2.5%","mean",2,"jaccard",0.308769102033362,0.0169477119892721
"0","one2many","all","50%","mean",2,"jaccard",0.608397749534697,0.466470004697523
"0","one2many","all","97.5%","mean",2,"jaccard",0.798241568935581,0.735227906074615
"0","one2many","all","mean","mean",2,"jaccard",0.599692208173712,0.440127645830311
"0","one2many","all","var","mean",2,"jaccard",0.0172568575293445,0.0377766159427447
"0","one2many","all","2.5%","var",2,"jaccard",0.000221608052330368,0.000510699321265629
"0","one2many","all","50%","var",2,"jaccard",0.000953007162934365,0.00263290786552227
"0","one2many","all","97.5%","var",2,"jaccard",0.00302390511978638,0.0135714064957795
"0","one2many","all","mean","var",2,"jaccard",0.00111720843759114,0.0036508967356961
"0","one2many","all","var","var",2,"jaccard",6.00999838489768e-07,1.33063501270415e-05
"0","one2many","all","2.5%","mean",2,"N",-0.315038583731754,-0.315038583731754
"0","one2many","all","50%","mean",2,"N",-0.00806164989230867,-0.00806164989230867
"0","one2many","all","97.5%","mean",2,"N",0.399890193876319,0.399890193876319
"0","one2many","all","mean","mean",2,"N",0.0109185572458523,0.0109185572458523
"0","one2many","all","var","mean",2,"N",0.0245440560601886,0.0245440560601886
"0","one2many","all","2.5%","var",2,"N",0.00175746230678396,0.00175746230678396
"0","one2many","all","50%","var",2,"N",0.050968582380757,0.050968582380757
"0","one2many","all","97.5%","var",2,"N",0.110364235183119,0.110364235183119
"0","one2many","all","mean","var",2,"N",0.0536469154165207,0.0536469154165207
"0","one2many","all","var","var",2,"N",0.000702513907649126,0.000702513907649126
"0","one2many","all","2.5%","mean",2,"rda",0.157645549101309,0.0724807079397244
"0","one2many","all","50%","mean",2,"rda",0.224315540557004,0.186191921914264
"0","one2many","all","97.5%","mean",2,"rda",0.323735229893459,0.367726100175617
"0","one2many","all","mean","mean",2,"rda",0.226925906564681,0.19407144254153
"0","one2many","all","var","mean",2,"rda",0.00209632119500146,0.00618799255327187
"0","one2many","all","2.5%","var",2,"rda",0.000130695261174224,0.000161411964553961
"0","one2many","all","50%","var",2,"rda",0.000309637140455071,0.00106359355815811
"0","one2many","all","97.5%","var",2,"rda",0.000862466649116463,0.00449270854454842
"0","one2many","all","mean","var",2,"rda",0.000347901808650036,0.00145531324592057
"0","one2many","all","var","var",2,"rda",3.20326161354804e-08,1.25777577156543e-06
"0","one2many","all","2.5%","mean",2,"S",-0.553987995943985,-0.726680711521805
"0","one2many","all","50%","mean",2,"S",-0.00289780999077044,-0.00703601825649465
"0","one2many","all","97.5%","mean",2,"S",0.62632803786601,0.719443398234634
"0","one2many","all","mean","mean",2,"S",0.0296673959377397,0.0424914519350716
"0","one2many","all","var","mean",2,"S",0.0982221949588593,0.14304505775312
"0","one2many","all","2.5%","var",2,"S",0.000408348124201493,0.00108122397119102
"0","one2many","all","50%","var",2,"S",0.00137707458018328,0.00531527336205546
"0","one2many","all","97.5%","var",2,"S",0.00489458567257268,0.0374060709261735
"0","one2many","all","mean","var",2,"S",0.00177289939277103,0.00774909755225779
"0","one2many","all","var","var",2,"S",1.66165574032911e-06,9.86363566803747e-05
"0","one2many","none","2.5%","mean",1,"jaccard",-0.0921267946599258,-0.048768781807771
"0","one2many","none","50%","mean",1,"jaccard",-0.0080779097781327,-0.0126683049906339
"0","one2many","none","97.5%","mean",1,"jaccard",0.0975481249666381,0.0732031876152197
"0","one2many","none","mean","mean",1,"jaccard",-0.0043553618290592,-0.00173655574753483
"0","one2many","none","var","mean",1,"jaccard",0.00229235078768789,0.00175338463049122
"0","one2many","none","2.5%","var",1,"jaccard",0.00645750569688774,0.00404903934526373
"0","one2many","none","50%","var",1,"jaccard",0.0195316302795101,0.0133247674929492
"0","one2many","none","97.5%","var",1,"jaccard",0.0459868976358628,0.0269676613772696
"0","one2many","none","mean","var",1,"jaccard",0.021116720654485,0.0143626584352118
"0","one2many","none","var","var",1,"jaccard",0.000114744569561939,5.98228477774354e-05
"0","one2many","none","2.5%","mean",1,"N",-0.1116307378246,-0.1116307378246
"0","one2many","none","50%","mean",1,"N",-0.000892552032375,-0.000892552032375
"0","one2many","none","97.5%","mean",1,"N",0.14056867762169,0.14056867762169
"0","one2many","none","mean","mean",1,"N",0.00313009479242916,0.00313009479242916
"0","one2many","none","var","mean",1,"N",0.004376819753227,0.004376819753227
"0","one2many","none","2.5%","var",1,"N",0.0174488803105633,0.0174488803105633
"0","one2many","none","50%","var",1,"N",0.0481131610694377,0.0481131610694377
"0","one2many","none","97.5%","var",1,"N",0.114751199934103,0.114751199934103
"0","one2many","none","mean","var",1,"N",0.0528596689333508,0.0528596689333508
"0","one2many","none","var","var",1,"N",0.000668468283835546,0.000668468283835546
"0","one2many","none","2.5%","mean",1,"rda",0.0420887724421687,0.02984285579051
"0","one2many","none","50%","mean",1,"rda",0.0526494540400445,0.0448834440959854
"0","one2many","none","97.5%","mean",1,"rda",0.0650876138232712,0.0829857038037129
"0","one2many","none","mean","mean",1,"rda",0.0526619644809475,0.0466538720918094
"0","one2many","none","var","mean",1,"rda",3.84069351822518e-05,0.00033098976933701
"0","one2many","none","2.5%","var",1,"rda",8.77245803993928e-05,0.000686274534840675
"0","one2many","none","50%","var",1,"rda",0.000285146448163694,0.00117662601759551
"0","one2many","none","97.5%","var",1,"rda",0.000861674447262139,0.00367620609473731
"0","one2many","none","mean","var",1,"rda",0.000337293982344533,0.00171045204788894
"0","one2many","none","var","var",1,"rda",4.84376086733918e-08,1.14985702958437e-06
"0","one2many","none","2.5%","mean",1,"S",-0.133637189584013,-0.142895683880235
"0","one2many","none","50%","mean",1,"S",-0.000780339395435572,-0.00664470865185697
"0","one2many","none","97.5%","mean",1,"S",0.14456520145933,0.130398377622081
"0","one2many","none","mean","mean",1,"S",-0.00188749415887246,-0.0189078919256234
"0","one2many","none","var","mean",1,"S",0.00520635943579369,0.00778557980212951
"0","one2many","none","2.5%","var",1,"S",0.0149730567538594,0.0299550300665662
"0","one2many","none","50%","var",1,"S",0.0464551143569519,0.0358138949244217
"0","one2many","none","97.5%","var",1,"S",0.11039951367257,0.0909352719791592
"0","one2many","none","mean","var",1,"S",0.0517963448705388,0.045376973947912
"0","one2many","none","var","var",1,"S",0.000543968886201913,0.000487159838192444
"0","one2many","none","2.5%","mean",2,"jaccard",-0.0879326582312905,-0.094137854153204
"0","one2many","none","50%","mean",2,"jaccard",0.00406413783645824,-0.0232243474584
"0","one2many","none","97.5%","mean",2,"jaccard",0.102002272435111,0.112573683747008
"0","one2many","none","mean","mean",2,"jaccard",0.00488761819131013,-0.00103166293009234
"0","one2many","none","var","mean",2,"jaccard",0.00245306435290587,0.0049515302545445
"0","one2many","none","2.5%","var",2,"jaccard",0.00573933166997544,0.00917916860711942
"0","one2many","none","50%","var",2,"jaccard",0.0212609169543294,0.0153911116794324
"0","one2many","none","97.5%","var",2,"jaccard",0.0493464248383453,0.0308075145897649
"0","one2many","none","mean","var",2,"jaccard",0.0231801097415443,0.0174640532160148
"0","one2many","none","var","var",2,"jaccard",0.000147764442934405,6.26863749537422e-05
"0","one2many","none","2.5%","mean",2,"N",-0.102860098605748,-0.102860098605748
"0","one2many","none","50%","mean",2,"N",0.00417139594987928,0.00417139594987928
"0","one2many","none","97.5%","mean",2,"N",0.165147917400522,0.165147917400522
"0","one2many","none","mean","mean",2,"N",0.00932336386279677,0.00932336386279677
"0","one2many","none","var","mean",2,"N",0.00467070230624263,0.00467070230624263
"0","one2many","none","2.5%","var",2,"N",0.0185767160225857,0.0185767160225857
"0","one2many","none","50%","var",2,"N",0.0476294699648759,0.0476294699648759
"0","one2many","none","97.5%","var",2,"N",0.0904491263237473,0.0904491263237473
"0","one2many","none","mean","var",2,"N",0.048618001099451,0.048618001099451
"0","one2many","none","var","var",2,"N",0.000466863643269979,0.000466863643269979
"0","one2many","none","2.5%","mean",2,"rda",0.0423827599236441,0.0265775866368813
"0","one2many","none","50%","mean",2,"rda",0.0535396891217957,0.0456647991342863
"0","one2many","none","97.5%","mean",2,"rda",0.0671919861152807,0.092287333244461
"0","one2many","none","mean","mean",2,"rda",0.0535208502161688,0.051984637700533
"0","one2many","none","var","mean",2,"rda",4.24994789999895e-05,0.00058183902350317
"0","one2many","none","2.5%","var",2,"rda",9.10697005996988e-05,0.00062494167942478
"0","one2many","none","50%","var",2,"rda",0.000300025759577419,0.00205853160341245
"0","one2many","none","97.5%","var",2,"rda",0.000878919530217032,0.0042996504136588
"0","one2many","none","mean","var",2,"rda",0.000378128014264942,0.00207265241531217
"0","one2many","none","var","var",2,"rda",8.23458811016131e-08,1.45561225200197e-06
"0","one2many","none","2.5%","mean",2,"S",-0.157564737870596,-0.104225579382583
"0","one2many","none","50%","mean",2,"S",0.00794505132748339,0.00942307582814685
"0","one2many","none","97.5%","mean",2,"S",0.115332394038374,0.117827035600362
"0","one2many","none","mean","mean",2,"S",0.000421241078866363,0.00471591802748278
"0","one2many","none","var","mean",2,"S",0.00529069472057802,0.00524271296364809
"0","one2many","none","2.5%","var",2,"S",0.0195142760360118,0.0171058605001154
"0","one2many","none","50%","var",2,"S",0.0463673753129428,0.0411995841527955
"0","one2many","none","97.5%","var",2,"S",0.0967132790530137,0.0912733332804911
"0","one2many","none","mean","var",2,"S",0.0495520199597398,0.0448634522407002
"0","one2many","none","var","var",2,"S",0.00045632909682603,0.000709199108778452
"0","one2many","opposite","2.5%","mean",1,"jaccard",-0.172735243714208,-0.17678263043517
"0","one2many","opposite","50%","mean",1,"jaccard",-0.016226993651512,-0.0196507318631296
"0","one2many","opposite","97.5%","mean",1,"jaccard",0.296339670109042,0.320248544198737
"0","one2many","opposite","mean","mean",1,"jaccard",0.0034265400314633,0.0102723226198223
"0","one2many","opposite","var","mean",1,"jaccard",0.0162605829915215,0.0188977764269443
"0","one2many","opposite","2.5%","var",1,"jaccard",0.000208013204378151,0.000340586582368038
"0","one2many","opposite","50%","var",1,"jaccard",0.00113580774247276,0.00230183703581455
"0","one2many","opposite","97.5%","var",1,"jaccard",0.00333440536652956,0.0184552852212276
"0","one2many","opposite","mean","var",1,"jaccard",0.00124310219057408,0.00387381949130669
"0","one2many","opposite","var","var",1,"jaccard",7.42374127680869e-07,2.30509329549433e-05
"0","one2many","opposite","2.5%","mean",1,"N",-0.140936178181497,-0.140936178181497
"0","one2many","opposite","50%","mean",1,"N",-0.00163319805186725,-0.00163319805186725
"0","one2many","opposite","97.5%","mean",1,"N",0.129104230493625,0.129104230493625
"0","one2many","opposite","mean","mean",1,"N",-0.00269869266189016,-0.00269869266189016
"0","one2many","opposite","var","mean",1,"N",0.00503734893173231,0.00503734893173231
"0","one2many","opposite","2.5%","var",1,"N",0.0123978212598315,0.0123978212598315
"0","one2many","opposite","50%","var",1,"N",0.0507505178516183,0.0507505178516183
"0","one2many","opposite","97.5%","var",1,"N",0.0954512461723139,0.0954512461723139
"0","one2many","opposite","mean","var",1,"N",0.0512988626353447,0.0512988626353447
"0","one2many","opposite","var","var",1,"N",0.000533571437262092,0.000533571437262092
"0","one2many","opposite","2.5%","mean",1,"rda",0.0217681116027188,0.0107847049050932
"0","one2many","opposite","50%","mean",1,"rda",0.0433381973956156,0.0479355354645451
"0","one2many","opposite","97.5%","mean",1,"rda",0.1104278831198,0.177698968499367
"0","one2many","opposite","mean","mean",1,"rda",0.0503263742972192,0.0583886829816396
"0","one2many","opposite","var","mean",1,"rda",0.000689890055860587,0.00170163642015123
"0","one2many","opposite","2.5%","var",1,"rda",2.04106370708827e-05,5.76064361081738e-05
"0","one2many","opposite","50%","var",1,"rda",8.5562629788916e-05,0.000435975860132941
"0","one2many","opposite","97.5%","var",1,"rda",0.000380837524695661,0.00336045387413263
"0","one2many","opposite","mean","var",1,"rda",0.000104303481349261,0.000849224752612061
"0","one2many","opposite","var","var",1,"rda",7.21824879479431e-09,1.95766205877294e-06
"0","one2many","opposite","2.5%","mean",1,"S",-0.372404742608726,-0.398747545119531
"0","one2many","opposite","50%","mean",1,"S",0.0229289922805077,0.034662576367438
"0","one2many","opposite","97.5%","mean",1,"S",0.518348893217752,0.469075717347432
"0","one2many","opposite","mean","mean",1,"S",0.0258095343598432,0.028171061320311
"0","one2many","opposite","var","mean",1,"S",0.0517851756850096,0.0510095474028269
"0","one2many","opposite","2.5%","var",1,"S",0.0010405521346076,0.00103417349384288
"0","one2many","opposite","50%","var",1,"S",0.00282454662578645,0.00722759945520251
"0","one2many","opposite","97.5%","var",1,"S",0.0098850167910355,0.0431595369415502
"0","one2many","opposite","mean","var",1,"S",0.00361099320159659,0.011234656192233
"0","one2many","opposite","var","var",1,"S",7.30264143540153e-06,0.000147997417738026
"0","one2many","opposite","2.5%","mean",2,"jaccard",0.83357080562817,0.284226398408904
"0","one2many","opposite","50%","mean",2,"jaccard",0.898510618087339,0.637721713643933
"0","one2many","opposite","97.5%","mean",2,"jaccard",0.934235985345766,0.802447994404204
"0","one2many","opposite","mean","mean",2,"jaccard",0.895970166354195,0.608695113241051
"0","one2many","opposite","var","mean",2,"jaccard",0.000673629945188268,0.0190865786728077
"0","one2many","opposite","2.5%","var",2,"jaccard",7.24484129586303e-05,0.000288250606567473
"0","one2many","opposite","50%","var",2,"jaccard",0.000245861677064977,0.00270730787779236
"0","one2many","opposite","97.5%","var",2,"jaccard",0.000866840182194143,0.0211357886363623
"0","one2many","opposite","mean","var",2,"jaccard",0.000326105891486221,0.00494386548242091
"0","one2many","opposite","var","var",2,"jaccard",6.45332408114309e-08,3.58279361328214e-05
"0","one2many","opposite","2.5%","mean",2,"N",-0.153947519062933,-0.153947519062933
"0","one2many","opposite","50%","mean",2,"N",0.00214903423610787,0.00214903423610787
"0","one2many","opposite","97.5%","mean",2,"N",0.123595953453348,0.123595953453348
"0","one2many","opposite","mean","mean",2,"N",0.000632038379209852,0.000632038379209852
"0","one2many","opposite","var","mean",2,"N",0.00567806733644572,0.00567806733644572
"0","one2many","opposite","2.5%","var",2,"N",0.0173092073884606,0.0173092073884606
"0","one2many","opposite","50%","var",2,"N",0.0508011193955541,0.0508011193955541
"0","one2many","opposite","97.5%","var",2,"N",0.101343406151604,0.101343406151604
"0","one2many","opposite","mean","var",2,"N",0.0542344137671417,0.0542344137671417
"0","one2many","opposite","var","var",2,"N",0.000673012502794989,0.000673012502794989
"0","one2many","opposite","2.5%","mean",2,"rda",0.279986759096441,0.147714369276281
"0","one2many","opposite","50%","mean",2,"rda",0.386107498480559,0.340035461709892
"0","one2many","opposite","97.5%","mean",2,"rda",0.507427991642515,0.543869616368424
"0","one2many","opposite","mean","mean",2,"rda",0.392971373907321,0.34501939898126
"0","one2many","opposite","var","mean",2,"rda",0.00365384542489848,0.0104082411011127
"0","one2many","opposite","2.5%","var",2,"rda",0.000221396024892837,0.000750905509349554
"0","one2many","opposite","50%","var",2,"rda",0.000549975226298268,0.00298948363955019
"0","one2many","opposite","97.5%","var",2,"rda",0.00140513578562386,0.0107489495809988
"0","one2many","opposite","mean","var",2,"rda",0.000644853641916337,0.00398840695636545
"0","one2many","opposite","var","var",2,"rda",1.20891507237197e-07,1.45575500171538e-05
"0","one2many","opposite","2.5%","mean",2,"S",-0.732325362657669,-0.793688510544742
"0","one2many","opposite","50%","mean",2,"S",0.0626941208040556,-0.0976600157191088
"0","one2many","opposite","97.5%","mean",2,"S",0.761793917748504,0.820998923322831
"0","one2many","opposite","mean","mean",2,"S",0.0175241378761516,-0.0140184854130575
"0","one2many","opposite","var","mean",2,"S",0.177457699477952,0.269729535622086
"0","one2many","opposite","2.5%","var",2,"S",0.000480127746889483,0.000742245388506685
"0","one2many","opposite","50%","var",2,"S",0.00199634584451148,0.00715063427831825
"0","one2many","opposite","97.5%","var",2,"S",0.00919232241220552,0.0652671359557841
"0","one2many","opposite","mean","var",2,"S",0.00284633042524296,0.0149749709677298
"0","one2many","opposite","var","var",2,"S",6.74845376490565e-06,0.000432585266615608
"0","one2many","same","2.5%","mean",1,"jaccard",-0.191037658319895,-0.177734130047795
"0","one2many","same","50%","mean",1,"jaccard",-0.0210349650324395,-0.0368040376911812
"0","one2many","same","97.5%","mean",1,"jaccard",0.261574052987951,0.29788122306552
"0","one2many","same","mean","mean",1,"jaccard",-0.00798989698437394,-0.0115779671588461
"0","one2many","same","var","mean",1,"jaccard",0.0140690017760558,0.0142861764028776
"0","one2many","same","2.5%","var",1,"jaccard",0.000224078759568394,0.00025723555073419
"0","one2many","same","50%","var",1,"jaccard",0.00107177107931213,0.00282379334071597
"0","one2many","same","97.5%","var",1,"jaccard",0.00315071449008671,0.01449853459638
"0","one2many","same","mean","var",1,"jaccard",0.00122040362843586,0.00382397405277604
"0","one2many","same","var","var",1,"jaccard",7.0148860231468e-07,1.43370990022837e-05
"0","one2many","same","2.5%","mean",1,"N",-0.151420555565317,-0.151420555565317
"0","one2many","same","50%","mean",1,"N",-0.00310876809362134,-0.00310876809362134
"0","one2many","same","97.5%","mean",1,"N",0.143820793420335,0.143820793420335
"0","one2many","same","mean","mean",1,"N",-0.00428564820365991,-0.00428564820365991
"0","one2many","same","var","mean",1,"N",0.00662491458238718,0.00662491458238718
"0","one2many","same","2.5%","var",1,"N",0.0208541817168899,0.0208541817168899
"0","one2many","same","50%","var",1,"N",0.0480757934853298,0.0480757934853298
"0","one2many","same","97.5%","var",1,"N",0.0970054044434599,0.0970054044434599
"0","one2many","same","mean","var",1,"N",0.0503406770802919,0.0503406770802919
"0","one2many","same","var","var",1,"N",0.00047551490074195,0.00047551490074195
"0","one2many","same","2.5%","mean",1,"rda",0.0215147067757556,0.0114368944204173
"0","one2many","same","50%","mean",1,"rda",0.0467238159737636,0.0418090339714635
"0","one2many","same","97.5%","mean",1,"rda",0.126190264234791,0.140470066554468
"0","one2many","same","mean","mean",1,"rda",0.0545164772885051,0.0500280144883391
"0","one2many","same","var","mean",1,"rda",0.000766053744479142,0.0010852214106385
"0","one2many","same","2.5%","var",1,"rda",2.45566048965736e-05,2.19929120927122e-05
"0","one2many","same","50%","var",1,"rda",8.82219766331918e-05,0.00045493383212347
"0","one2many","same","97.5%","var",1,"rda",0.000306880645409053,0.00304898618714083
"0","one2many","same","mean","var",1,"rda",0.000104005335109511,0.000689304441524146
"0","one2many","same","var","var",1,"rda",5.88104946427263e-09,6.95531030053243e-07
"0","one2many","same","2.5%","mean",1,"S",-0.356952134185642,-0.33835866933077
"0","one2many","same","50%","mean",1,"S",0.0355344916093326,0.0523433468019747
"0","one2many","same","97.5%","mean",1,"S",0.463030749667513,0.386901963061008
"0","one2many","same","mean","mean",1,"S",0.0353036173383601,0.0290765536177824
"0","one2many","same","var","mean",1,"S",0.0468019351863187,0.03590556369336
"0","one2many","same","2.5%","var",1,"S",0.000771141061873668,0.000658398972627067
"0","one2many","same","50%","var",1,"S",0.00296216130205267,0.00686003146237359
"0","one2many","same","97.5%","var",1,"S",0.0106761041073078,0.0319498515076546
"0","one2many","same","mean","var",1,"S",0.00352955510729513,0.010070957990485
"0","one2many","same","var","var",1,"S",6.8683119597511e-06,8.20691181499472e-05
"0","one2many","same","2.5%","mean",2,"jaccard",0.815334381006895,0.378443122845672
"0","one2many","same","50%","mean",2,"jaccard",0.897449188987741,0.635367546428085
"0","one2many","same","97.5%","mean",2,"jaccard",0.934036849162829,0.82048028952813
"0","one2many","same","mean","mean",2,"jaccard",0.892906338849029,0.625039551498656
"0","one2many","same","var","mean",2,"jaccard",0.001019450069037,0.0134452637711058
"0","one2many","same","2.5%","var",2,"jaccard",7.38820024706148e-05,0.000314023109190655
"0","one2many","same","50%","var",2,"jaccard",0.000238524470355445,0.00227320677940191
"0","one2many","same","97.5%","var",2,"jaccard",0.000895177731399758,0.0214901249999406
"0","one2many","same","mean","var",2,"jaccard",0.000332624556878844,0.00439095996137263
"0","one2many","same","var","var",2,"jaccard",6.87329115997451e-08,3.30563309728049e-05
"0","one2many","same","2.5%","mean",2,"N",-0.133743076590072,-0.133743076590072
"0","one2many","same","50%","mean",2,"N",0.00683996141715623,0.00683996141715623
"0","one2many","same","97.5%","mean",2,"N",0.153100049844527,0.153100049844527
"0","one2many","same","mean","mean",2,"N",0.0104264179873501,0.0104264179873501
"0","one2many","same","var","mean",2,"N",0.00564108265605116,0.00564108265605116
"0","one2many","same","2.5%","var",2,"N",0.0163268302818557,0.0163268302818557
"0","one2many","same","50%","var",2,"N",0.0491428136923764,0.0491428136923764
"0","one2many","same","97.5%","var",2,"N",0.0937619496243671,0.0937619496243671
"0","one2many","same","mean","var",2,"N",0.0529444521425086,0.0529444521425086
"0","one2many","same","var","var",2,"N",0.000468867458177948,0.000468867458177948
"0","one2many","same","2.5%","mean",2,"rda",0.283282425713071,0.148759711064462
"0","one2many","same","50%","mean",2,"rda",0.379902953711008,0.347447832121299
"0","one2many","same","97.5%","mean",2,"rda",0.501366780771799,0.538987577196914
"0","one2many","same","mean","mean",2,"rda",0.384657524861688,0.345402610234282
"0","one2many","same","var","mean",2,"rda",0.00356727391745613,0.0109107483547195
"0","one2many","same","2.5%","var",2,"rda",0.000167410056461169,0.000386422584180069
"0","one2many","same","50%","var",2,"rda",0.000591942405811031,0.00254107292632304
"0","one2many","same","97.5%","var",2,"rda",0.00122814959017353,0.0138623269135307
"0","one2many","same","mean","var",2,"rda",0.000633807908090184,0.0037936636490885
"0","one2many","same","var","var",2,"rda",8.34795374356938e-08,1.18610834405975e-05
"0","one2many","same","2.5%","mean",2,"S",-0.672041509393651,-0.735618095353455
"0","one2many","same","50%","mean",2,"S",0.0030464367243222,0.0470043138592482
"0","one2many","same","97.5%","mean",2,"S",0.656119641702846,0.8098360369654
"0","one2many","same","mean","mean",2,"S",-0.009075464615643,0.0306595040776852
"0","one2many","same","var","mean",2,"S",0.16056911962221,0.243147605917838
"0","one2many","same","2.5%","var",2,"S",0.000400744617153526,0.001020594335222
"0","one2many","same","50%","var",2,"S",0.00195474329992834,0.00867583622874672
"0","one2many","same","97.5%","var",2,"S",0.00888323517315184,0.0557671658429917
"0","one2many","same","mean","var",2,"S",0.00259245081670046,0.0130309687136179
"0","one2many","same","var","var",2,"S",5.74459927041988e-06,0.000241646920937843
"0","one2one","all","2.5%","mean",1,"jaccard",0.393173976442817,0.393173976442817
"0","one2one","all","50%","mean",1,"jaccard",0.631984496842096,0.631984496842096
"0","one2one","all","97.5%","mean",1,"jaccard",0.819947946910392,0.819947946910392
"0","one2one","all","mean","mean",1,"jaccard",0.622577211942658,0.622577211942658
"0","one2one","all","var","mean",1,"jaccard",0.014213573613724,0.014213573613724
"0","one2one","all","2.5%","var",1,"jaccard",0.000206926723372375,0.000206926723372375
"0","one2one","all","50%","var",1,"jaccard",0.000933482421393887,0.000933482421393887
"0","one2one","all","97.5%","var",1,"jaccard",0.00255564109197551,0.00255564109197551
"0","one2one","all","mean","var",1,"jaccard",0.00106977659808308,0.00106977659808308
"0","one2one","all","var","var",1,"jaccard",4.48372093633948e-07,4.48372093633948e-07
"0","one2one","all","2.5%","mean",1,"N",-0.136635412831213,-0.136635412831213
"0","one2one","all","50%","mean",1,"N",0.003207015472813,0.003207015472813
"0","one2one","all","97.5%","mean",1,"N",0.510156201766402,0.510156201766402
"0","one2one","all","mean","mean",1,"N",0.0229733237772028,0.0229733237772028
"0","one2one","all","var","mean",1,"N",0.0275726341790945,0.0275726341790945
"0","one2one","all","2.5%","var",1,"N",0.000279852606246333,0.000279852606246333
"0","one2one","all","50%","var",1,"N",0.0468656969228468,0.0468656969228468
"0","one2one","all","97.5%","var",1,"N",0.0957194389107474,0.0957194389107474
"0","one2one","all","mean","var",1,"N",0.0494557300563233,0.0494557300563233
"0","one2one","all","var","var",1,"N",0.000664735851717169,0.000664735851717169
"0","one2one","all","2.5%","mean",1,"rda",0.130428452535199,0.130428452535199
"0","one2one","all","50%","mean",1,"rda",0.224141313636755,0.224141313636755
"0","one2one","all","97.5%","mean",1,"rda",0.368076536422614,0.368076536422614
"0","one2one","all","mean","mean",1,"rda",0.229940397521405,0.229940397521405
"0","one2one","all","var","mean",1,"rda",0.00316391780728819,0.00316391780728819
"0","one2one","all","2.5%","var",1,"rda",7.17590022481145e-05,7.17590022481139e-05
"0","one2one","all","50%","var",1,"rda",0.000320165986020006,0.000320165986020008
"0","one2one","all","97.5%","var",1,"rda",0.000714775920814334,0.000714775920814339
"0","one2one","all","mean","var",1,"rda",0.000360268914328884,0.000360268914328884
"0","one2one","all","var","var",1,"rda",3.45871299437163e-08,3.45871299437164e-08
"0","one2one","all","2.5%","mean",1,"S",-0.548303559438079,-0.548303559438079
"0","one2one","all","50%","mean",1,"S",0.0226385953689726,0.0226385953689726
"0","one2one","all","97.5%","mean",1,"S",0.626277888164357,0.626277888164357
"0","one2one","all","mean","mean",1,"S",0.0232543676090084,0.0232543676090084
"0","one2one","all","var","mean",1,"S",0.100953268299507,0.100953268299507
"0","one2one","all","2.5%","var",1,"S",0.000377605907247356,0.000377605907247356
"0","one2one","all","50%","var",1,"S",0.00133789623849562,0.00133789623849562
"0","one2one","all","97.5%","var",1,"S",0.00537757815121489,0.00537757815121489
"0","one2one","all","mean","var",1,"S",0.00172384120305319,0.00172384120305319
"0","one2one","all","var","var",1,"S",1.45573579520079e-06,1.45573579520079e-06
"0","one2one","all","2.5%","mean",2,"jaccard",0.324620440882487,0.324620440882487
"0","one2one","all","50%","mean",2,"jaccard",0.588961436979663,0.588961436979663
"0","one2one","all","97.5%","mean",2,"jaccard",0.761667419135786,0.761667419135786
"0","one2one","all","mean","mean",2,"jaccard",0.575901817935496,0.575901817935496
"0","one2one","all","var","mean",2,"jaccard",0.0161491563558592,0.0161491563558592
"0","one2one","all","2.5%","var",2,"jaccard",0.000236415619043089,0.000236415619043089
"0","one2one","all","50%","var",2,"jaccard",0.000967723909109318,0.000967723909109318
"0","one2one","all","97.5%","var",2,"jaccard",0.0024554399325995,0.0024554399325995
"0","one2one","all","mean","var",2,"jaccard",0.00109706505007253,0.00109706505007253
"0","one2one","all","var","var",2,"jaccard",3.64630532903313e-07,3.64630532903313e-07
"0","one2one","all","2.5%","mean",2,"N",-0.150545754471053,-0.150545754471053
"0","one2one","all","50%","mean",2,"N",0.00548670041369285,0.00548670041369285
"0","one2one","all","97.5%","mean",2,"N",0.488505104133964,0.488505104133964
"0","one2one","all","mean","mean",2,"N",0.0291925981611097,0.0291925981611097
"0","one2one","all","var","mean",2,"N",0.0206467310586142,0.0206467310586142
"0","one2one","all","2.5%","var",2,"N",0.000327764341614202,0.000327764341614202
"0","one2one","all","50%","var",2,"N",0.0460110367705196,0.0460110367705196
"0","one2one","all","97.5%","var",2,"N",0.136045558300124,0.136045558300124
"0","one2one","all","mean","var",2,"N",0.0495670005267877,0.0495670005267877
"0","one2one","all","var","var",2,"N",0.0010835361473716,0.0010835361473716
"0","one2one","all","2.5%","mean",2,"rda",0.133606138907671,0.133606138907671
"0","one2one","all","50%","mean",2,"rda",0.219655587975136,0.219655587975136
"0","one2one","all","97.5%","mean",2,"rda",0.310828248214678,0.310828248214678
"0","one2one","all","mean","mean",2,"rda",0.222538867480941,0.222538867480941
"0","one2one","all","var","mean",2,"rda",0.00221951263336095,0.00221951263336095
"0","one2one","all","2.5%","var",2,"rda",0.000110398718157578,0.000110398718157577
"0","one2one","all","50%","var",2,"rda",0.000304847694212137,0.000304847694212136
"0","one2one","all","97.5%","var",2,"rda",0.000740354867438508,0.000740354867438508
"0","one2one","all","mean","var",2,"rda",0.000330669853553725,0.000330669853553725
"0","one2one","all","var","var",2,"rda",2.53927363561292e-08,2.53927363561292e-08
"0","one2one","all","2.5%","mean",2,"S",-0.501701956989106,-0.501701956989106
"0","one2one","all","50%","mean",2,"S",0.024934392726437,0.024934392726437
"0","one2one","all","97.5%","mean",2,"S",0.529679380974812,0.529679380974812
"0","one2one","all","mean","mean",2,"S",0.0352256529604499,0.0352256529604499
"0","one2one","all","var","mean",2,"S",0.0761996439766036,0.0761996439766036
"0","one2one","all","2.5%","var",2,"S",0.000392668161213132,0.000392668161213132
"0","one2one","all","50%","var",2,"S",0.00153045832894724,0.00153045832894724
"0","one2one","all","97.5%","var",2,"S",0.00584417311024944,0.00584417311024944
"0","one2one","all","mean","var",2,"S",0.00188918106415806,0.00188918106415806
"0","one2one","all","var","var",2,"S",1.96334211766161e-06,1.96334211766161e-06
"0","one2one","none","2.5%","mean",1,"jaccard",-0.0881310623067593,-0.0881310623067593
"0","one2one","none","50%","mean",1,"jaccard",0.00405963501850569,0.00405963501850569
"0","one2one","none","97.5%","mean",1,"jaccard",0.0952808900674633,0.0952808900674633
"0","one2one","none","mean","mean",1,"jaccard",0.00421071638226255,0.00421071638226255
"0","one2one","none","var","mean",1,"jaccard",0.00230481822237938,0.00230481822237938
"0","one2one","none","2.5%","var",1,"jaccard",0.00570074546191999,0.00570074546191999
"0","one2one","none","50%","var",1,"jaccard",0.0183453646920125,0.0183453646920125
"0","one2one","none","97.5%","var",1,"jaccard",0.0453277896955222,0.0453277896955222
"0","one2one","none","mean","var",1,"jaccard",0.0211102065307754,0.0211102065307754
"0","one2one","none","var","var",1,"jaccard",0.00013213772648811,0.00013213772648811
"0","one2one","none","2.5%","mean",1,"N",-0.121724009768359,-0.121724009768359
"0","one2one","none","50%","mean",1,"N",-0.00371684583447571,-0.00371684583447571
"0","one2one","none","97.5%","mean",1,"N",0.0951613603610241,0.0951613603610241
"0","one2one","none","mean","mean",1,"N",-0.00642042294133955,-0.00642042294133955
"0","one2one","none","var","mean",1,"N",0.00398522230904639,0.00398522230904639
"0","one2one","none","2.5%","var",1,"N",0.019810956307733,0.019810956307733
"0","one2one","none","50%","var",1,"N",0.0503386703650713,0.0503386703650713
"0","one2one","none","97.5%","var",1,"N",0.0990046455524504,0.0990046455524504
"0","one2one","none","mean","var",1,"N",0.0531805287741043,0.0531805287741043
"0","one2one","none","var","var",1,"N",0.000450598346887919,0.000450598346887919
"0","one2one","none","2.5%","mean",1,"rda",0.0430669166843407,0.0430669166843407
"0","one2one","none","50%","mean",1,"rda",0.0531886366995268,0.0531886366995268
"0","one2one","none","97.5%","mean",1,"rda",0.0626434210284738,0.0626434210284738
"0","one2one","none","mean","mean",1,"rda",0.053087760986776,0.053087760986776
"0","one2one","none","var","mean",1,"rda",2.90112552595162e-05,2.90112552595162e-05
"0","one2one","none","2.5%","var",1,"rda",7.74869266267455e-05,7.74869266267454e-05
"0","one2one","none","50%","var",1,"rda",0.00026753969538427,0.000267539695384269
"0","one2one","none","97.5%","var",1,"rda",0.00086803059345199,0.000868030593451989
"0","one2one","none","mean","var",1,"rda",0.000319827784430711,0.000319827784430711
"0","one2one","none","var","var",1,"rda",4.04669613110685e-08,4.04669613110685e-08
"0","one2one","none","2.5%","mean",1,"S",-0.130147458032311,-0.130147458032311
"0","one2one","none","50%","mean",1,"S",0.00208433691246431,0.00208433691246431
"0","one2one","none","97.5%","mean",1,"S",0.127811076398302,0.127811076398302
"0","one2one","none","mean","mean",1,"S",-0.00359786454287783,-0.00359786454287783
"0","one2one","none","var","mean",1,"S",0.00467335781686911,0.00467335781686911
"0","one2one","none","2.5%","var",1,"S",0.0161271694053604,0.0161271694053604
"0","one2one","none","50%","var",1,"S",0.0450971239143313,0.0450971239143313
"0","one2one","none","97.5%","var",1,"S",0.111772337203815,0.111772337203815
"0","one2one","none","mean","var",1,"S",0.0486588627865898,0.0486588627865898
"0","one2one","none","var","var",1,"S",0.000620187160547288,0.000620187160547288
"0","one2one","none","2.5%","mean",2,"jaccard",-0.0843520571760431,-0.0843520571760431
"0","one2one","none","50%","mean",2,"jaccard",0.00683370964921682,0.00683370964921682
"0","one2one","none","97.5%","mean",2,"jaccard",0.0892663074490034,0.0892663074490034
"0","one2one","none","mean","mean",2,"jaccard",0.0064089829163606,0.0064089829163606
"0","one2one","none","var","mean",2,"jaccard",0.00245429791560262,0.00245429791560262
"0","one2one","none","2.5%","var",2,"jaccard",0.00564010479881974,0.00564010479881974
"0","one2one","none","50%","var",2,"jaccard",0.020628691538411,0.020628691538411
"0","one2one","none","97.5%","var",2,"jaccard",0.0534486447174286,0.0534486447174286
"0","one2one","none","mean","var",2,"jaccard",0.0235676182357541,0.0235676182357541
"0","one2one","none","var","var",2,"jaccard",0.000165424234621998,0.000165424234621998
"0","one2one","none","2.5%","mean",2,"N",-0.152066599961874,-0.152066599961874
"0","one2one","none","50%","mean",2,"N",-0.00638431077958299,-0.00638431077958299
"0","one2one","none","97.5%","mean",2,"N",0.154663138876762,0.154663138876762
"0","one2one","none","mean","mean",2,"N",-0.00883589453387656,-0.00883589453387656
"0","one2one","none","var","mean",2,"N",0.00624605331131004,0.00624605331131004
"0","one2one","none","2.5%","var",2,"N",0.0201155633379334,0.0201155633379334
"0","one2one","none","50%","var",2,"N",0.0460110329799438,0.0460110329799438
"0","one2one","none","97.5%","var",2,"N",0.0940824896993581,0.0940824896993581
"0","one2one","none","mean","var",2,"N",0.0491764561364587,0.0491764561364587
"0","one2one","none","var","var",2,"N",0.000468151044874495,0.000468151044874495
"0","one2one","none","2.5%","mean",2,"rda",0.0434773309457305,0.0434773309457305
"0","one2one","none","50%","mean",2,"rda",0.0520686757064863,0.0520686757064863
"0","one2one","none","97.5%","mean",2,"rda",0.0618546455506771,0.0618546455506771
"0","one2one","none","mean","mean",2,"rda",0.0521383448685306,0.0521383448685306
"0","one2one","none","var","mean",2,"rda",2.55357440407978e-05,2.55357440407978e-05
"0","one2one","none","2.5%","var",2,"rda",0.000115036346106003,0.000115036346106003
"0","one2one","none","50%","var",2,"rda",0.00027717351005514,0.000277173510055141
"0","one2one","none","97.5%","var",2,"rda",0.000748087353573963,0.000748087353573963
"0","one2one","none","mean","var",2,"rda",0.000316881111167833,0.000316881111167833
"0","one2one","none","var","var",2,"rda",2.99511568114425e-08,2.99511568114425e-08
"0","one2one","none","2.5%","mean",2,"S",-0.109324683098568,-0.109324683098568
"0","one2one","none","50%","mean",2,"S",0.0175421552627902,0.0175421552627902
"0","one2one","none","97.5%","mean",2,"S",0.189911310997623,0.189911310997623
"0","one2one","none","mean","mean",2,"S",0.0174916878276888,0.0174916878276888
"0","one2one","none","var","mean",2,"S",0.00520584503968438,0.00520584503968438
"0","one2one","none","2.5%","var",2,"S",0.0177468377892687,0.0177468377892687
"0","one2one","none","50%","var",2,"S",0.0498545972464424,0.0498545972464424
"0","one2one","none","97.5%","var",2,"S",0.113304727355815,0.113304727355815
"0","one2one","none","mean","var",2,"S",0.055181161940721,0.055181161940721
"0","one2one","none","var","var",2,"S",0.00074330679125584,0.00074330679125584
"0","one2one","opposite","2.5%","mean",1,"jaccard",-0.181542312901498,-0.181542312901498
"0","one2one","opposite","50%","mean",1,"jaccard",-0.0210160143449731,-0.0210160143449731
"0","one2one","opposite","97.5%","mean",1,"jaccard",0.380643630630579,0.380643630630579
"0","one2one","opposite","mean","mean",1,"jaccard",0.0183804655604711,0.0183804655604711
"0","one2one","opposite","var","mean",1,"jaccard",0.0208457817725359,0.0208457817725359
"0","one2one","opposite","2.5%","var",1,"jaccard",0.000245497745821888,0.000245497745821888
"0","one2one","opposite","50%","var",1,"jaccard",0.00102846429019783,0.00102846429019783
"0","one2one","opposite","97.5%","var",1,"jaccard",0.00409186430374086,0.00409186430374086
"0","one2one","opposite","mean","var",1,"jaccard",0.00145719493589449,0.00145719493589449
"0","one2one","opposite","var","var",1,"jaccard",1.28152064612555e-06,1.28152064612555e-06
"0","one2one","opposite","2.5%","mean",1,"N",-0.1612831137971,-0.1612831137971
"0","one2one","opposite","50%","mean",1,"N",0.00191775077794368,0.00191775077794368
"0","one2one","opposite","97.5%","mean",1,"N",0.139692858873689,0.139692858873689
"0","one2one","opposite","mean","mean",1,"N",-0.00546583194545875,-0.00546583194545875
"0","one2one","opposite","var","mean",1,"N",0.00644098208110524,0.00644098208110524
"0","one2one","opposite","2.5%","var",1,"N",0.0177509251963658,0.0177509251963658
"0","one2one","opposite","50%","var",1,"N",0.0449004011267031,0.0449004011267031
"0","one2one","opposite","97.5%","var",1,"N",0.0971989855244359,0.0971989855244359
"0","one2one","opposite","mean","var",1,"N",0.0490174648676861,0.0490174648676861
"0","one2one","opposite","var","var",1,"N",0.0004834247066958,0.0004834247066958
"0","one2one","opposite","2.5%","mean",1,"rda",0.0235904751376115,0.0235904751376115
"0","one2one","opposite","50%","mean",1,"rda",0.0522645562010051,0.0522645562010051
"0","one2one","opposite","97.5%","mean",1,"rda",0.180124537441447,0.180124537441447
"0","one2one","opposite","mean","mean",1,"rda",0.0628355911861868,0.0628355911861868
"0","one2one","opposite","var","mean",1,"rda",0.00154164576807075,0.00154164576807075
"0","one2one","opposite","2.5%","var",1,"rda",1.82716082481749e-05,1.82716082481749e-05
"0","one2one","opposite","50%","var",1,"rda",9.49396484320933e-05,9.49396484320933e-05
"0","one2one","opposite","97.5%","var",1,"rda",0.000418132229496546,0.000418132229496545
"0","one2one","opposite","mean","var",1,"rda",0.000136418869994189,0.000136418869994189
"0","one2one","opposite","var","var",1,"rda",1.39337428894114e-08,1.39337428894113e-08
"0","one2one","opposite","2.5%","mean",1,"S",-0.447717252160673,-0.447717252160673
"0","one2one","opposite","50%","mean",1,"S",0.0179081479206358,0.0179081479206358
"0","one2one","opposite","97.5%","mean",1,"S",0.422069864770825,0.422069864770825
"0","one2one","opposite","mean","mean",1,"S",-0.00244630477945658,-0.00244630477945658
"0","one2one","opposite","var","mean",1,"S",0.0590237894059378,0.0590237894059378
"0","one2one","opposite","2.5%","var",1,"S",0.000744436502024371,0.000744436502024371
"0","one2one","opposite","50%","var",1,"S",0.00279911814142626,0.00279911814142626
"0","one2one","opposite","97.5%","var",1,"S",0.0143578187396332,0.0143578187396332
"0","one2one","opposite","mean","var",1,"S",0.00399808492732796,0.00399808492732796
"0","one2one","opposite","var","var",1,"S",1.22467720862657e-05,1.22467720862657e-05
"0","one2one","opposite","2.5%","mean",2,"jaccard",0.820201110457221,0.820201110457221
"0","one2one","opposite","50%","mean",2,"jaccard",0.902261935324798,0.902261935324798
"0","one2one","opposite","97.5%","mean",2,"jaccard",0.937501011147952,0.937501011147952
"0","one2one","opposite","mean","mean",2,"jaccard",0.896419349747478,0.896419349747478
"0","one2one","opposite","var","mean",2,"jaccard",0.000982999492109899,0.000982999492109899
"0","one2one","opposite","2.5%","var",2,"jaccard",6.04482168658634e-05,6.04482168658634e-05
"0","one2one","opposite","50%","var",2,"jaccard",0.000270551355785518,0.000270551355785518
"0","one2one","opposite","97.5%","var",2,"jaccard",0.00108461034866271,0.00108461034866271
"0","one2one","opposite","mean","var",2,"jaccard",0.00034655837415175,0.00034655837415175
"0","one2one","opposite","var","var",2,"jaccard",7.49392204296369e-08,7.49392204296369e-08
"0","one2one","opposite","2.5%","mean",2,"N",-0.136719239110253,-0.136719239110253
"0","one2one","opposite","50%","mean",2,"N",0.010839098577595,0.010839098577595
"0","one2one","opposite","97.5%","mean",2,"N",0.127197281437095,0.127197281437095
"0","one2one","opposite","mean","mean",2,"N",0.0106416066870565,0.0106416066870565
"0","one2one","opposite","var","mean",2,"N",0.00728325673914308,0.00728325673914308
"0","one2one","opposite","2.5%","var",2,"N",0.0184875134902861,0.0184875134902861
"0","one2one","opposite","50%","var",2,"N",0.0542532833796071,0.0542532833796071
"0","one2one","opposite","97.5%","var",2,"N",0.0885094002458389,0.0885094002458389
"0","one2one","opposite","mean","var",2,"N",0.0521857974111515,0.0521857974111515
"0","one2one","opposite","var","var",2,"N",0.00046317968846817,0.00046317968846817
"0","one2one","opposite","2.5%","mean",2,"rda",0.283267024582374,0.283267024582374
"0","one2one","opposite","50%","mean",2,"rda",0.39380922394038,0.39380922394038
"0","one2one","opposite","97.5%","mean",2,"rda",0.501607520220066,0.501607520220066
"0","one2one","opposite","mean","mean",2,"rda",0.390846884793936,0.390846884793936
"0","one2one","opposite","var","mean",2,"rda",0.00368267622673248,0.00368267622673248
"0","one2one","opposite","2.5%","var",2,"rda",0.000195276790932809,0.000195276790932809
"0","one2one","opposite","50%","var",2,"rda",0.000545596937548575,0.000545596937548577
"0","one2one","opposite","97.5%","var",2,"rda",0.00160654037336712,0.00160654037336712
"0","one2one","opposite","mean","var",2,"rda",0.000634149271037589,0.000634149271037588
"0","one2one","opposite","var","var",2,"rda",1.35726811418672e-07,1.35726811418673e-07
"0","one2one","opposite","2.5%","mean",2,"S",-0.704321255545207,-0.704321255545207
"0","one2one","opposite","50%","mean",2,"S",-0.00488184615387646,-0.00488184615387646
"0","one2one","opposite","97.5%","mean",2,"S",0.677376903310274,0.677376903310274
"0","one2one","opposite","mean","mean",2,"S",-0.00514107415704123,-0.00514107415704123
"0","one2one","opposite","var","mean",2,"S",0.168769075165158,0.168769075165158
"0","one2one","opposite","2.5%","var",2,"S",0.000504641745882321,0.000504641745882321
"0","one2one","opposite","50%","var",2,"S",0.00241502049637164,0.00241502049637164
"0","one2one","opposite","97.5%","var",2,"S",0.00838144573607264,0.00838144573607264
"0","one2one","opposite","mean","var",2,"S",0.00289920422858635,0.00289920422858635
"0","one2one","opposite","var","var",2,"S",4.38162165989946e-06,4.38162165989946e-06
"0","one2one","same","2.5%","mean",1,"jaccard",-0.177697494842905,-0.177697494842905
"0","one2one","same","50%","mean",1,"jaccard",-0.0277922628493221,-0.0277922628493221
"0","one2one","same","97.5%","mean",1,"jaccard",0.228457052861389,0.228457052861389
"0","one2one","same","mean","mean",1,"jaccard",-0.0208386097190619,-0.0208386097190619
"0","one2one","same","var","mean",1,"jaccard",0.0113777394583559,0.0113777394583559
"0","one2one","same","2.5%","var",1,"jaccard",0.000206811471995723,0.000206811471995723
"0","one2one","same","50%","var",1,"jaccard",0.00111035985861693,0.00111035985861693
"0","one2one","same","97.5%","var",1,"jaccard",0.00263572446539047,0.00263572446539047
"0","one2one","same","mean","var",1,"jaccard",0.00120342351356062,0.00120342351356062
"0","one2one","same","var","var",1,"jaccard",5.05130675149444e-07,5.05130675149444e-07
"0","one2one","same","2.5%","mean",1,"N",-0.150431792853971,-0.150431792853971
"0","one2one","same","50%","mean",1,"N",-0.00146450097974146,-0.00146450097974146
"0","one2one","same","97.5%","mean",1,"N",0.124342434272695,0.124342434272695
"0","one2one","same","mean","mean",1,"N",-0.00172608921928979,-0.00172608921928979
"0","one2one","same","var","mean",1,"N",0.00550766966542583,0.00550766966542583
"0","one2one","same","2.5%","var",1,"N",0.0210102298490779,0.0210102298490779
"0","one2one","same","50%","var",1,"N",0.0504161499527673,0.0504161499527673
"0","one2one","same","97.5%","var",1,"N",0.0983152108027692,0.0983152108027692
"0","one2one","same","mean","var",1,"N",0.0518180367030262,0.0518180367030262
"0","one2one","same","var","var",1,"N",0.000493937668266498,0.000493937668266498
"0","one2one","same","2.5%","mean",1,"rda",0.0216402037596855,0.0216402037596855
"0","one2one","same","50%","mean",1,"rda",0.0428086928885691,0.0428086928885691
"0","one2one","same","97.5%","mean",1,"rda",0.125494421809273,0.125494421809273
"0","one2one","same","mean","mean",1,"rda",0.0498969868351455,0.0498969868351455
"0","one2one","same","var","mean",1,"rda",0.000691225446724149,0.000691225446724149
"0","one2one","same","2.5%","var",1,"rda",1.84548828803945e-05,1.84548828803945e-05
"0","one2one","same","50%","var",1,"rda",8.13580066131372e-05,8.13580066131376e-05
"0","one2one","same","97.5%","var",1,"rda",0.00036595206097672,0.00036595206097672
"0","one2one","same","mean","var",1,"rda",0.000113740030242652,0.000113740030242652
"0","one2one","same","var","var",1,"rda",9.61493882077561e-09,9.61493882077562e-09
"0","one2one","same","2.5%","mean",1,"S",-0.433512977448955,-0.433512977448955
"0","one2one","same","50%","mean",1,"S",-0.0518885820417955,-0.0518885820417955
"0","one2one","same","97.5%","mean",1,"S",0.373116641128597,0.373116641128597
"0","one2one","same","mean","mean",1,"S",-0.0233605555938148,-0.0233605555938148
"0","one2one","same","var","mean",1,"S",0.0470300657072536,0.0470300657072536
"0","one2one","same","2.5%","var",1,"S",0.000740199738042559,0.000740199738042559
"0","one2one","same","50%","var",1,"S",0.00265178031132214,0.00265178031132214
"0","one2one","same","97.5%","var",1,"S",0.00671725316703947,0.00671725316703947
"0","one2one","same","mean","var",1,"S",0.00305129832235868,0.00305129832235868
"0","one2one","same","var","var",1,"S",3.7903342065387e-06,3.7903342065387e-06
"0","one2one","same","2.5%","mean",2,"jaccard",0.799576614253881,0.799576614253881
"0","one2one","same","50%","mean",2,"jaccard",0.893718504391059,0.893718504391059
"0","one2one","same","97.5%","mean",2,"jaccard",0.938332887048836,0.938332887048836
"0","one2one","same","mean","mean",2,"jaccard",0.891123673959172,0.891123673959172
"0","one2one","same","var","mean",2,"jaccard",0.001008621271442,0.001008621271442
"0","one2one","same","2.5%","var",2,"jaccard",5.39008654662579e-05,5.39008654662579e-05
"0","one2one","same","50%","var",2,"jaccard",0.000222147361864636,0.000222147361864636
"0","one2one","same","97.5%","var",2,"jaccard",0.00126723123640976,0.00126723123640976
"0","one2one","same","mean","var",2,"jaccard",0.000321959917449474,0.000321959917449474
"0","one2one","same","var","var",2,"jaccard",8.60887513164437e-08,8.60887513164437e-08
"0","one2one","same","2.5%","mean",2,"N",-0.149390817174254,-0.149390817174254
"0","one2one","same","50%","mean",2,"N",0.0050995001536892,0.0050995001536892
"0","one2one","same","97.5%","mean",2,"N",0.171553593144092,0.171553593144092
"0","one2one","same","mean","mean",2,"N",0.00915180602790574,0.00915180602790574
"0","one2one","same","var","mean",2,"N",0.00844214481258031,0.00844214481258031
"0","one2one","same","2.5%","var",2,"N",0.0211678789437575,0.0211678789437575
"0","one2one","same","50%","var",2,"N",0.0519564202140232,0.0519564202140232
"0","one2one","same","97.5%","var",2,"N",0.111321792601628,0.111321792601628
"0","one2one","same","mean","var",2,"N",0.055195463358561,0.055195463358561
"0","one2one","same","var","var",2,"N",0.000613334012320479,0.000613334012320479
"0","one2one","same","2.5%","mean",2,"rda",0.236963223762649,0.236963223762649
"0","one2one","same","50%","mean",2,"rda",0.37212900896526,0.37212900896526
"0","one2one","same","97.5%","mean",2,"rda",0.490097411855514,0.490097411855514
"0","one2one","same","mean","mean",2,"rda",0.364765100817474,0.364765100817474
"0","one2one","same","var","mean",2,"rda",0.00501702194268437,0.00501702194268437
"0","one2one","same","2.5%","var",2,"rda",0.00019304381060316,0.000193043810603158
"0","one2one","same","50%","var",2,"rda",0.000614116904903049,0.000614116904903051
"0","one2one","same","97.5%","var",2,"rda",0.00147485250751496,0.00147485250751496
"0","one2one","same","mean","var",2,"rda",0.000656401421423519,0.000656401421423519
"0","one2one","same","var","var",2,"rda",1.21830738922964e-07,1.21830738922964e-07
"0","one2one","same","2.5%","mean",2,"S",-0.664774423632519,-0.664774423632519
"0","one2one","same","50%","mean",2,"S",0.0752084710236002,0.0752084710236002
"0","one2one","same","97.5%","mean",2,"S",0.681065559745094,0.681065559745094
"0","one2one","same","mean","mean",2,"S",0.0221715844850822,0.0221715844850822
"0","one2one","same","var","mean",2,"S",0.142740331094372,0.142740331094372
"0","one2one","same","2.5%","var",2,"S",0.000586763670070121,0.000586763670070121
"0","one2one","same","50%","var",2,"S",0.00201567818481308,0.00201567818481308
"0","one2one","same","97.5%","var",2,"S",0.00966194674455633,0.00966194674455633
"0","one2one","same","mean","var",2,"S",0.00285393662282832,0.00285393662282832
"0","one2one","same","var","var",2,"S",6.13964174297147e-06,6.13964174297147e-06
